"","qb","season","week","qbr","result","comp","att","yds","td","int","sack","fum","rat","id"
"6","Charlie Batch","2006","1",72.7,"W",15,25,209,3,0,3,1,126.5,6
"9","Byron Leftwich","2006","1",66.7,"W",23,34,237,1,1,1,0,85.1,9
"22","Matt Hasselbeck","2006","1",33.6,"W",25,30,210,0,0,5,0,95.8,22
"24","Daunte Culpepper","2006","1",22.4,"L",18,37,262,0,2,3,0,49.6,24
"44","Kurt Warner","2006","2",47.4,"L",24,38,231,1,1,5,0,77.9,44
"45","Marc Bulger","2006","2",46.7,"L",19,34,185,1,0,6,1,81.1,45
"58","Mark Brunell","2006","2",6.2,"L",18,32,197,0,1,6,0,61.6,58
"62","Brett Favre","2006","3",91,"W",25,36,340,3,0,0,0,127.1,62
"64","Steve McNair","2006","3",83.6,"W",23,41,264,1,0,2,0,83.8,64
"73","Carson Palmer","2006","3",56.4,"W",18,26,193,4,2,6,1,98.2,73
"77","Rex Grossman","2006","3",50.3,"W",23,41,278,1,2,1,0,64.9,77
"83","Mike Vick","2006","3",22.1,"L",12,31,137,0,0,5,0,52.8,83
"89","Peyton Manning","2006","4",90.7,"W",21,30,217,1,0,2,0,101.7,89
"90","Donovan McNabb","2006","4",88.9,"W",16,30,288,2,0,4,1,108.8,90
"98","David Carr","2006","4",63.8,"W",22,29,230,1,1,5,1,95.5,98
"110","Alex Smith","2006","4",14.1,"L",13,25,92,0,2,4,0,27.4,110
"118","Brad Johnson","2006","5",72.7,"W",26,34,201,1,1,0,0,88,118
"120","Bruce Gradkowski","2006","5",66.7,"L",20,31,225,2,0,2,1,107.6,120
"121","Eli Manning","2006","5",63.2,"W",23,33,256,1,0,0,0,102.6,121
"125","Matt Leinart","2006","5",50.8,"L",22,35,253,2,1,4,0,91.7,125
"130","Vince Young","2006","5",40.2,"L",10,21,63,0,1,0,0,34.4,130
"131","Donovan McNabb","2006","5",39.9,"W",18,33,354,2,0,3,1,112.4,131
"132","Steve McNair","2006","5",36.3,"L",20,34,165,0,3,2,0,34.6,132
"136","Drew Bledsoe","2006","5",26,"L",18,38,223,0,3,7,1,33.1,136
"142","Philip Rivers","2006","6",96.6,"W",29,39,334,2,0,0,0,116.8,142
"147","Joey Harrington","2006","6",73.9,"L",27,43,266,1,2,0,0,68.6,147
"151","Chad Pennington","2006","6",48.3,"W",17,29,175,2,0,2,0,99.1,151
"153","Andrew Walter","2006","6",44.4,"L",13,26,189,0,1,4,0,58,153
"158","Eli Manning","2006","6",36.7,"W",17,30,180,2,2,2,0,68.8,158
"163","Mike Vick","2006","6",14.9,"L",14,27,154,0,1,7,1,53.6,163
"167","Chad Pennington","2006","7",90.9,"W",16,22,189,1,1,2,0,94.7,167
"170","Carson Palmer","2006","7",69.9,"W",23,39,240,2,0,2,0,94,170
"180","Jon Kitna","2006","7",54.3,"L",22,36,269,3,2,1,0,88.8,180
"183","Philip Rivers","2006","7",48.2,"L",25,43,266,2,1,4,1,82.1,183
"191","Matt Leinart","2006","7",6.6,"L",13,32,203,0,2,3,0,36.3,191
"193","Peyton Manning","2006","8",98.5,"W",32,39,345,3,0,0,0,129.2,193
"204","Charlie Frye","2006","8",74.9,"W",15,22,141,1,1,3,0,81.8,204
"213","Brad Johnson","2006","8",22.5,"L",20,33,185,0,3,1,0,38.1,213
"214","Eli Manning","2006","8",21.8,"W",16,31,154,1,0,2,0,76.5,214
"217","David Carr","2006","8",17.8,"L",15,21,113,0,1,4,2,64.2,217
"218","Jake Delhomme","2006","8",6.2,"L",17,31,149,0,1,3,1,54.4,218
"225","David Carr","2006","9",76.4,"L",21,30,176,0,0,1,0,84.9,225
"238","Joey Harrington","2006","9",43.8,"W",16,32,137,3,2,0,0,66.8,238
"246","Vince Young","2006","9",3.5,"L",15,36,163,1,3,1,0,30.2,246
"253","Donovan McNabb","2006","10",81.5,"W",12,26,257,2,0,1,0,107.4,253
"255","Steve McNair","2006","10",77.2,"W",29,47,373,3,2,1,0,90.1,255
"257","Tom Brady","2006","10",73.7,"L",24,36,253,1,1,4,0,84.6,257
"265","Alex Smith","2006","10",46.8,"W",14,20,136,0,0,3,1,88.8,265
"269","Charlie Frye","2006","10",33.9,"W",16,22,165,1,0,5,1,109.1,269
"272","Bruce Gradkowski","2006","10",27.3,"L",17,32,173,1,2,3,1,53.3,272
"275","Mark Brunell","2006","10",21.1,"L",16,31,132,0,1,0,0,49.4,275
"284","Mike Vick","2006","11",68.9,"L",11,21,127,1,0,5,0,86.8,284
"287","David Carr","2006","11",64.2,"L",25,30,223,0,1,3,0,83.8,287
"299","Charlie Frye","2006","11",40.2,"L",17,27,224,0,0,5,1,89.1,299
"306","Marc Bulger","2006","11",14.2,"L",19,34,142,0,1,7,0,53.8,306
"314","Matt Leinart","2006","12",86.4,"L",31,51,405,1,2,1,0,76,314
"315","Steve McNair","2006","12",86,"W",18,24,140,1,0,0,0,102.8,315
"317","Chad Pennington","2006","12",83.6,"W",24,31,286,1,0,1,0,115.8,317
"321","Jake Plummer","2006","12",60.6,"L",25,39,216,1,1,2,0,76.4,321
"332","Jon Kitna","2006","12",20.9,"L",22,40,252,1,1,8,1,72.1,332
"334","Charlie Frye","2006","12",18.6,"L",18,29,186,0,4,4,0,40.9,334
"336","Chad Pennington","2006","13",95.5,"W",25,35,263,2,2,0,0,88.2,336
"338","David Garrard","2006","13",93.8,"W",16,22,229,2,0,4,0,136.4,338
"344","Carson Palmer","2006","13",71.7,"W",21,32,234,1,0,2,0,97.7,344
"349","Tom Brady","2006","13",61.2,"W",27,38,305,0,1,2,0,83.8,349
"352","Matt Hasselbeck","2006","13",46.3,"W",16,28,168,0,1,1,0,59.8,352
"361","Jay Cutler","2006","13",7.4,"L",10,21,143,2,2,3,1,62.3,361
"367","Carson Palmer","2006","14",89.4,"W",20,28,297,2,3,0,0,90,367
"368","Ben Roethlisberger","2006","14",87.6,"W",11,21,225,1,0,0,0,106.2,368
"371","Steve McNair","2006","14",81.8,"W",21,27,283,1,0,0,0,122.7,371
"393","Chad Pennington","2006","15",87.5,"W",29,39,339,1,1,2,1,98.1,393
"395","Alex Smith","2006","15",83.7,"W",14,25,162,2,0,0,0,102.4,395
"396","Tim Rattay","2006","15",72.4,"L",20,35,268,3,1,0,0,98.3,396
"398","Kyle Boller","2006","15",64.7,"W",13,21,238,2,1,1,1,112.8,398
"400","Eli Manning","2006","15",62,"L",28,40,282,0,2,1,0,69,400
"402","Jon Kitna","2006","15",53.8,"L",16,26,135,0,2,6,1,42.9,402
"403","Jason Campbell","2006","15",52.7,"W",13,28,204,1,0,1,0,83,403
"407","Derek Anderson","2006","15",45,"L",23,32,223,2,2,5,0,85.8,407
"409","Trent Green","2006","15",35.3,"L",23,41,185,0,1,6,0,57.5,409
"417","David Carr","2006","15",0.9,"L",16,28,127,0,4,4,0,29,417
"442","Derek Anderson","2006","16",4.9,"L",10,27,123,0,4,2,0,12.3,442
"446","Philip Rivers","2006","17",87.8,"W",19,24,231,2,1,2,0,117.2,446
"449","Tom Brady","2006","17",80.1,"W",15,24,225,1,0,1,0,107.1,449
"452","Chad Pennington","2006","17",75.1,"W",22,30,157,1,0,1,0,96.1,452
"455","Jason Campbell","2006","17",69.2,"L",21,31,220,2,1,1,0,96.2,455
"457","Brett Favre","2006","17",66.1,"W",21,42,285,1,1,2,0,70,457
"460","Steve McNair","2006","17",55.5,"W",23,35,216,0,1,0,0,70.7,460
"464","Charlie Frye","2006","17",43.1,"L",25,35,187,0,1,1,1,72,464
"465","Aaron Brooks","2006","17",36.6,"L",15,26,136,0,1,2,1,55.9,465
"470","David Garrard","2006","17",18,"L",10,18,140,1,1,2,0,76.2,470
"485","Chad Pennington","2007","1",63.2,"L",16,21,167,2,0,4,0,130.5,485
"488","Drew Brees","2007","1",44.4,"L",28,41,192,0,2,1,1,58.2,488
"489","Philip Rivers","2007","1",42.3,"W",22,31,190,0,1,3,1,73.3,489
"497","Brett Favre","2007","1",22.8,"W",23,42,206,0,1,4,1,58.2,497
"499","Damon Huard","2007","1",15.6,"L",22,33,168,0,2,3,0,53.6,499
"506","Peyton Manning","2007","2",84.7,"W",28,42,312,1,1,2,0,86.6,506
"524","Kellen Clemens","2007","2",32.4,"L",19,37,260,1,2,4,0,60.6,524
"530","Kurt Warner","2007","3",98.2,"L",15,20,258,2,0,0,0,150,530
"534","Tom Brady","2007","3",88.6,"W",23,29,311,4,0,1,1,150.9,534
"536","Peyton Manning","2007","3",87.6,"W",20,29,273,1,0,1,0,110.3,536
"541","Brett Favre","2007","3",78.1,"W",28,45,369,3,0,2,0,110.3,541
"544","Joey Harrington","2007","3",71.9,"L",31,44,361,2,0,1,0,110.1,544
"552","Kelly Holcomb","2007","3",47.4,"L",14,28,169,0,0,5,0,68.9,552
"587","Peyton Manning","2007","5",95.2,"W",29,37,253,2,1,0,0,101.9,587
"597","Eli Manning","2007","5",73,"W",13,25,186,2,1,0,0,86.4,597
"598","Brian Griese","2007","5",58.2,"W",15,25,214,2,1,2,0,97.8,598
"603","Cleo Lemon","2007","5",38,"L",15,27,151,0,1,1,0,56.3,603
"604","Drew Brees","2007","5",35.5,"L",29,47,252,0,2,0,0,58.1,604
"609","Joey Harrington","2007","5",14.2,"L",16,31,87,0,1,1,0,44.2,609
"612","Drew Brees","2007","6",96,"W",25,36,246,2,0,0,0,106.9,612
"613","Derek Anderson","2007","6",95.9,"W",18,25,245,3,0,1,0,142.5,613
"622","Matt Schaub","2007","6",61.7,"L",19,31,259,0,1,2,1,74.5,622
"630","Daunte Culpepper","2007","6",35,"L",24,37,229,1,2,5,1,68.4,630
"639","Tom Brady","2007","7",99.7,"W",21,25,354,6,0,1,0,158.3,639
"641","Brian Griese","2007","7",90.1,"W",27,41,322,1,0,1,0,97.8,641
"642","Carson Palmer","2007","7",82.5,"W",14,21,226,1,1,1,0,98.5,642
"652","Joey Harrington","2007","7",66,"L",12,18,128,0,0,2,0,87.3,652
"659","Kerry Collins","2007","7",39.9,"W",25,42,280,0,0,1,1,79.5,659
"660","Byron Leftwich","2007","7",33,"L",15,23,145,1,0,1,0,97.2,660
"662","Jason Campbell","2007","7",22.8,"W",12,18,95,0,1,1,0,56.5,662
"672","Donovan McNabb","2007","8",84.8,"W",23,36,333,1,0,2,0,103.1,672
"683","Trent Edwards","2007","8",26.9,"W",14,21,130,0,1,1,0,63.6,683
"695","Brett Favre","2007","9",83.8,"W",24,34,360,2,2,1,0,100.1,695
"697","Sage Rosenfels","2007","9",83.3,"W",11,19,181,1,1,0,0,85.6,697
"701","Kellen Clemens","2007","9",68.5,"L",23,42,226,1,0,3,0,78.1,701
"703","Patrick Ramsey","2007","9",63.7,"L",29,46,262,1,1,3,1,76.5,703
"706","Vince Young","2007","9",49.6,"W",14,23,110,0,2,3,0,36.5,706
"708","Joey Harrington","2007","9",45.5,"W",14,25,138,0,1,1,0,55.1,708
"719","Tony Romo","2007","10",89.2,"W",20,28,247,4,1,1,0,123.1,719
"725","Derek Anderson","2007","10",74.8,"L",16,35,123,3,0,0,0,83.4,725
"731","Joey Harrington","2007","10",53.8,"W",19,26,192,1,0,2,0,106.6,731
"733","Peyton Manning","2007","10",52,"L",34,56,328,2,6,2,0,49.4,733
"740","Drew Brees","2007","10",14.4,"L",25,36,272,2,2,2,0,86.8,740
"742","Josh McCown","2007","10",9.5,"L",14,27,108,0,1,3,1,46.5,742
"744","Tom Brady","2007","11",99,"W",31,39,373,5,0,0,0,146.1,744
"746","David Garrard","2007","11",96.8,"W",15,24,189,2,0,0,0,114.8,746
"751","Joey Harrington","2007","11",81.2,"L",16,20,139,1,0,1,0,112.3,751
"759","Jon Kitna","2007","11",55.9,"L",28,43,377,1,3,3,0,71.6,759
"762","Tarvaris Jackson","2007","11",49.6,"W",17,22,171,0,1,3,1,79.9,762
"767","Jeff Garcia","2007","11",39.3,"W",10,20,159,2,0,1,0,110.2,767
"771","Kyle Boller","2007","11",33.6,"L",22,41,279,1,2,6,1,63,771
"774","Tarvaris Jackson","2007","12",94.6,"W",10,12,129,1,0,4,0,139.2,774
"779","Drew Brees","2007","12",85.3,"W",24,36,260,3,1,0,0,103.9,779
"780","Brett Favre","2007","12",83.8,"W",31,41,381,3,0,0,1,128.2,780
"791","Vince Young","2007","12",33.3,"L",19,31,246,0,1,1,1,72.8,791
"801","Eli Manning","2007","12",8.3,"L",21,49,273,1,4,3,0,33.8,801
"803","Tony Romo","2007","13",95.3,"W",19,30,309,4,1,0,0,123.5,803
"819","Kellen Clemens","2007","13",46.6,"W",15,24,236,1,1,6,1,91.7,819
"821","Damon Huard","2007","13",31.3,"L",19,34,186,1,2,7,1,56.7,821
"822","Rex Grossman","2007","13",26.8,"L",25,46,296,1,0,6,0,81.4,822
"835","Tony Romo","2007","14",85,"W",35,44,302,2,0,3,0,110.4,835
"836","Sage Rosenfels","2007","14",83.2,"W",27,36,209,3,0,3,2,116.6,836
"843","Eli Manning","2007","14",62.3,"W",17,31,219,1,0,2,0,88,843
"849","Donovan McNabb","2007","14",47,"L",20,30,179,1,0,3,0,93.6,849
"853","Carson Palmer","2007","14",25.8,"W",21,29,189,0,2,1,0,60.8,853
"859","Drew Brees","2007","15",90.6,"W",26,30,315,2,0,1,0,132.6,859
"862","Matt Moore","2007","15",85.4,"W",19,27,208,0,0,0,0,92.8,862
"873","Ben Roethlisberger","2007","15",50.2,"L",15,32,142,3,0,5,0,90.9,873
"875","Jay Cutler","2007","15",47.9,"L",27,39,254,1,0,5,0,95.5,875
"880","Kyle Orton","2007","15",29.8,"L",22,38,184,0,1,1,0,59.5,880
"891","Tony Romo","2007","16",72.6,"W",28,42,257,1,1,0,0,81.2,891
"901","Sage Rosenfels","2007","16",45,"L",22,36,233,2,3,0,0,63.8,901
"905","Carson Palmer","2007","16",27.7,"W",11,21,115,1,2,0,0,44.8,905
"907","Jon Kitna","2007","16",18.8,"W",9,16,115,0,1,2,0,52.9,907
"909","Brett Favre","2007","16",14.3,"L",17,32,153,0,2,1,0,40.2,909
"910","Matt Moore","2007","16",13,"L",15,28,182,1,1,5,0,70.8,910
"915","Carson Palmer","2007","17",93.7,"W",23,32,316,3,1,0,0,121.4,915
"916","Sage Rosenfels","2007","17",93.4,"W",11,18,128,1,1,1,0,78,916
"917","Quinn Gray","2007","17",93.2,"L",25,39,302,4,0,2,0,122,917
"918","Vince Young","2007","17",91.7,"W",14,18,157,0,0,1,0,103,918
"921","Troy Smith","2007","17",77.2,"W",16,27,171,1,0,2,0,90.2,921
"923","Matt Moore","2007","17",69.4,"W",15,24,174,2,1,1,0,94.8,923
"928","Cleo Lemon","2007","17",55.6,"L",14,21,123,1,0,1,0,97.9,928
"929","Trent Edwards","2007","17",52.7,"L",16,30,133,0,0,0,0,65,929
"935","Brodie Croyle","2007","17",27.1,"L",20,43,195,1,0,3,0,67.5,935
"936","Seneca Wallace","2007","17",25,"L",17,22,206,2,1,2,1,116.9,936
"940","Kyle Orton","2007","17",17.1,"W",12,27,190,2,1,1,0,77.7,940
"941","Kellen Clemens","2007","17",13.8,"W",13,25,115,1,0,3,0,77.9,941
"945","Aaron Rodgers","2008","1",91,"W",18,22,178,1,0,0,0,115.5,945
"949","Brett Favre","2008","1",82.5,"W",15,22,194,2,0,3,1,125.9,949
"951","Matt Cassel","2008","1",72.1,"W",13,18,152,1,0,2,0,116,951
"953","Joe Flacco","2008","1",68.4,"W",15,29,129,0,0,0,0,63.7,953
"955","Kyle Orton","2008","1",60.2,"W",13,21,150,0,0,2,0,83.4,955
"962","Jason Campbell","2008","1",37.6,"L",15,27,133,1,0,1,0,81.3,962
"966","J.T. O'Sullivan","2008","1",24.6,"L",14,20,195,0,1,4,2,80.2,966
"969","Matt Hasselbeck","2008","1",15.7,"L",17,41,190,1,1,5,0,53.9,969
"986","Brett Favre","2008","2",43.6,"L",18,26,181,1,1,2,0,85.6,986
"987","Kerry Collins","2008","2",42.8,"W",14,21,128,1,0,1,0,98.9,987
"989","Chad Pennington","2008","2",39.4,"L",10,20,112,0,0,2,0,67.1,989
"1003","Drew Brees","2008","3",83,"L",39,48,421,1,0,1,0,110.2,1003
"1005","Jason Campbell","2008","3",80.5,"W",22,30,193,2,0,2,0,112.2,1005
"1025","Marc Bulger","2008","3",13.2,"L",18,31,184,1,1,1,1,72.5,1025
"1027","David Garrard","2008","4",93,"W",23,32,236,1,0,1,0,103.1,1027
"1036","Joe Flacco","2008","4",58.8,"L",16,31,192,1,0,5,1,81.7,1036
"1039","Donovan McNabb","2008","4",46.4,"L",25,41,262,1,1,3,0,77.5,1039
"1050","JaMarcus Russell","2008","4",6.1,"L",22,37,277,1,1,6,1,80.6,1050
"1061","Jake Delhomme","2008","5",70.7,"W",14,22,236,2,1,0,0,111.2,1061
"1062","Carson Palmer","2008","5",69.3,"L",23,39,217,2,1,2,0,80.8,1062
"1067","Tony Romo","2008","5",59.6,"W",14,23,176,3,1,1,1,106.2,1067
"1078","J.T. O'Sullivan","2008","5",18.8,"L",14,29,130,3,3,1,0,55.9,1078
"1083","Matt Ryan","2008","6",91.5,"W",22,30,301,1,0,0,0,116.1,1083
"1086","Jeff Garcia","2008","6",84.4,"W",15,20,173,1,0,0,0,117.3,1086
"1091","Matt Schaub","2008","6",65.2,"W",22,42,379,1,2,1,0,71.4,1091
"1098","Chad Pennington","2008","6",44.6,"L",19,25,284,2,1,2,0,122.8,1098
"1107","Charlie Frye","2008","6",11.4,"L",12,23,83,2,2,3,0,53.4,1107
"1108","Joe Flacco","2008","6",3.7,"L",28,38,241,0,3,4,0,57,1108
"1119","Ryan Fitzpatrick","2008","7",53.5,"L",21,35,164,1,0,7,1,81.1,1119
"1122","Trent Edwards","2008","7",38.2,"W",25,30,261,1,0,0,0,114,1122
"1129","Dan Orlovsky","2008","7",17.1,"L",12,25,265,1,0,2,0,99.6,1129
"1130","J.T. O'Sullivan","2008","7",13.6,"L",16,28,256,1,2,6,1,69.9,1130
"1132","Brett Favre","2008","7",9.4,"L",21,38,197,0,2,3,0,47.8,1132
"1136","David Garrard","2008","8",84.9,"L",25,42,283,2,0,3,0,95.6,1136
"1139","Eli Manning","2008","8",80.4,"W",19,32,199,1,0,0,0,87.9,1139
"1142","Derek Anderson","2008","8",73.9,"W",14,27,246,1,0,1,0,95.6,1142
"1155","Donovan McNabb","2008","8",50.4,"W",19,34,253,0,0,2,1,79.7,1155
"1160","J.T. O'Sullivan","2008","8",11.8,"L",13,21,131,0,1,3,1,59.8,1160
"1163","Peyton Manning","2008","9",90.7,"W",21,29,254,2,0,0,0,121.9,1163
"1171","Chad Pennington","2008","9",58.6,"W",23,40,281,0,1,2,0,68.9,1171
"1174","Eli Manning","2008","9",47.8,"W",16,27,147,3,1,4,2,95.8,1174
"1176","Trent Edwards","2008","9",40.2,"L",24,35,289,1,2,5,1,79.3,1176
"1181","Kerry Collins","2008","9",31.9,"W",18,37,180,0,0,2,0,62.9,1181
"1188","Matt Cassel","2008","10",85.9,"W",22,32,234,0,0,1,1,89.8,1188
"1193","Matt Ryan","2008","10",82.3,"W",16,23,248,2,0,0,0,134,1193
"1195","Jay Cutler","2008","10",80.4,"W",24,42,447,3,1,1,0,107.9,1195
"1201","Donovan McNabb","2008","10",61.7,"L",17,36,194,3,1,0,0,80.1,1201
"1210","Trent Edwards","2008","10",15.8,"L",13,23,120,1,2,2,0,49.2,1210
"1211","Jake Delhomme","2008","10",2.7,"W",7,27,72,1,4,2,0,12.3,1211
"1214","Chad Pennington","2008","11",93,"W",16,22,174,0,0,3,0,95.6,1214
"1215","Jay Cutler","2008","11",92.8,"W",19,27,216,1,0,1,0,106.4,1215
"1217","Peyton Manning","2008","11",83.8,"W",30,46,320,2,0,0,0,99.9,1217
"1221","Kurt Warner","2008","11",75.6,"W",32,44,395,1,1,2,1,98.2,1221
"1225","Matt Cassel","2008","11",72.5,"L",30,51,400,3,0,3,0,103.4,1225
"1243","Matt Cassel","2008","12",92.3,"W",30,43,415,3,1,2,0,114,1243
"1244","Eli Manning","2008","12",92.2,"W",26,33,240,3,0,1,0,127.3,1244
"1245","Trent Edwards","2008","12",90.7,"W",24,32,273,2,0,0,0,121,1245
"1247","Jake Delhomme","2008","12",82.1,"L",21,35,295,1,0,3,0,96.7,1247
"1248","Brett Favre","2008","12",81.9,"W",25,32,224,2,1,2,0,103.6,1248
"1250","Ryan Fitzpatrick","2008","12",78.7,"L",20,37,168,1,1,1,0,63.8,1250
"1259","Jason Campbell","2008","12",51.9,"W",20,33,206,1,0,2,0,88.7,1259
"1268","Gus Frerotte","2008","12",16.4,"W",12,20,120,0,1,3,0,56.3,1268
"1270","Tony Romo","2008","13",96,"W",22,34,331,3,1,0,0,113.7,1270
"1272","Joe Flacco","2008","13",89.5,"W",19,29,280,2,0,2,0,119.9,1272
"1281","Shaun Hill","2008","13",62.6,"W",14,23,161,1,0,3,0,96.5,1281
"1284","Kerry Collins","2008","13",51.6,"W",11,18,127,0,0,1,1,82.4,1284
"1301","Seneca Wallace","2008","14",85.8,"L",20,28,212,3,0,1,1,128.9,1301
"1302","Matt Schaub","2008","14",81.3,"W",28,42,414,2,1,1,0,104.7,1302
"1315","Drew Brees","2008","14",48.2,"W",18,32,230,2,0,0,0,99.7,1315
"1325","Ben Roethlisberger","2008","14",20.1,"W",17,33,204,1,0,5,1,80.9,1325
"1331","David Garrard","2008","15",82,"W",21,33,238,2,0,2,0,105.4,1331
"1337","Aaron Rodgers","2008","15",64.7,"L",20,32,278,1,1,3,0,87.8,1337
"1338","Shaun Hill","2008","15",59.3,"L",30,46,233,0,0,5,0,77.5,1338
"1342","Matt Schaub","2008","15",55.6,"W",23,39,284,1,0,3,1,90.1,1342
"1350","Jay Cutler","2008","15",37.2,"L",21,33,172,1,1,3,0,74.3,1350
"1351","Kerry Collins","2008","15",35.4,"L",15,33,181,0,1,0,0,50.2,1351
"1356","Jake Delhomme","2008","16",96.6,"L",11,19,185,0,0,0,0,90.9,1356
"1357","Peyton Manning","2008","16",95.3,"W",29,34,364,3,0,0,0,140.7,1357
"1359","Drew Brees","2008","16",89.3,"W",30,40,351,2,0,0,0,117.8,1359
"1370","Tarvaris Jackson","2008","16",65.5,"L",22,36,233,2,0,3,2,98.5,1370
"1374","Eli Manning","2008","16",57.8,"W",17,27,181,1,0,3,0,94.8,1374
"1378","Matt Ryan","2008","16",43.4,"W",13,24,134,1,0,2,0,84.4,1378
"1386","Philip Rivers","2008","17",90.2,"W",15,20,207,2,0,2,0,141,1386
"1387","Donovan McNabb","2008","17",89.9,"W",12,21,175,2,0,1,0,116.2,1387
"1395","Seneca Wallace","2008","17",71.1,"L",24,43,250,2,2,1,0,68.9,1395
"1397","Kurt Warner","2008","17",69.4,"W",19,30,263,4,1,1,1,117.1,1397
"1433","Kyle Orton","2009","1",33.3,"W",17,28,243,1,0,3,0,100.7,1433
"1434","Brett Favre","2009","1",33,"W",14,21,110,1,0,4,0,95.3,1434
"1439","Chad Pennington","2009","1",19.4,"L",21,29,176,1,1,4,1,84.8,1439
"1440","Matthew Stafford","2009","1",12.1,"L",16,37,205,0,3,1,0,27.4,1440
"1442","Kurt Warner","2009","2",94.8,"W",24,26,243,2,0,0,0,131.2,1442
"1449","Byron Leftwich","2009","2",72.7,"L",26,50,296,3,2,2,0,73.4,1449
"1450","Chad Pennington","2009","2",69.9,"L",22,33,183,0,1,2,0,68.1,1450
"1462","Philip Rivers","2009","2",54.8,"L",25,45,436,2,2,2,0,85,1462
"1472","Eli Manning","2009","3",92.9,"W",14,24,161,2,0,0,0,106.4,1472
"1476","Matthew Stafford","2009","3",85,"W",21,36,241,1,0,2,0,87.8,1476
"1483","Matt Cassel","2009","3",71.2,"L",14,18,90,2,0,3,0,124.5,1483
"1493","Mark Sanchez","2009","3",46,"W",17,30,171,2,1,3,1,81.4,1493
"1499","Brett Favre","2009","4",93.4,"W",24,31,271,3,0,0,0,135.3,1499
"1506","Carson Palmer","2009","4",65.5,"W",23,44,230,2,1,2,0,73.1,1506
"1510","Aaron Rodgers","2009","4",51.9,"L",26,37,384,2,1,8,1,110.6,1510
"1513","Kerry Collins","2009","4",48.1,"L",29,48,284,1,2,0,0,66.7,1513
"1524","Kyle Boller","2009","4",14.9,"L",13,24,108,0,1,5,1,48.6,1524
"1528","Matt Ryan","2009","5",96.4,"W",22,32,329,2,1,0,0,110,1528
"1531","Kyle Orton","2009","5",87.3,"W",35,48,330,2,1,2,0,96.7,1531
"1535","Kurt Warner","2009","5",74.2,"W",26,38,302,2,0,1,0,109.8,1535
"1545","Jason Campbell","2009","5",41,"L",17,23,145,1,0,5,0,104.4,1545
"1555","Ben Roethlisberger","2009","6",84.5,"W",23,35,417,2,1,3,1,113.6,1555
"1560","Jay Cutler","2009","6",77,"L",27,43,300,2,2,2,0,79.6,1560
"1579","Tony Romo","2009","7",90.5,"W",21,29,311,3,0,2,0,141.6,1579
"1595","Eli Manning","2009","7",22,"L",19,37,243,1,3,3,0,47.5,1595
"1601","Tony Romo","2009","8",86.3,"W",21,36,256,3,0,2,1,108.1,1601
"1606","Peyton Manning","2009","8",72.6,"W",31,48,347,0,0,3,0,86,1606
"1613","Kyle Orton","2009","8",40.5,"L",23,37,152,0,0,2,0,71,1613
"1615","Matt Ryan","2009","8",36.4,"L",19,42,289,1,3,3,0,46.6,1615
"1618","Matthew Stafford","2009","8",20.5,"L",14,33,168,0,1,2,0,46,1618
"1627","Matt Schaub","2009","9",84.3,"L",32,43,311,1,2,2,0,82.6,1627
"1628","Tom Brady","2009","9",84.1,"W",25,37,332,1,1,2,0,93.5,1628
"1633","Tony Romo","2009","9",69.6,"W",21,34,307,1,1,4,0,88.7,1633
"1636","Ben Roethlisberger","2009","9",57.7,"W",21,29,233,3,1,3,1,116,1636
"1644","Kyle Orton","2009","9",33.3,"L",23,38,221,0,3,2,0,43.9,1644
"1647","Alex Smith","2009","9",24.9,"L",29,45,286,2,3,4,1,69.3,1647
"1649","Joe Flacco","2009","9",18.5,"L",18,32,195,0,2,4,0,48.3,1649
"1653","Philip Rivers","2009","10",89.8,"W",20,25,231,2,0,2,0,131.8,1653
"1657","Peyton Manning","2009","10",81.8,"W",28,44,327,4,2,1,0,97.4,1657
"1663","Carson Palmer","2009","10",53,"W",18,30,178,0,0,2,0,76.8,1663
"1674","Alex Smith","2009","10",9.9,"W",16,23,118,0,1,2,0,63.3,1674
"1676","Brady Quinn","2009","10",5.9,"L",13,31,99,0,2,4,0,23.5,1676
"1678","Philip Rivers","2009","11",95.6,"W",17,22,145,1,0,0,0,109.1,1678
"1679","Brett Favre","2009","11",93.5,"W",22,25,213,4,0,2,0,141.8,1679
"1681","Eli Manning","2009","11",90,"W",25,39,384,3,1,1,0,111.5,1681
"1682","Ben Roethlisberger","2009","11",86.5,"L",32,42,398,3,2,2,0,109,1682
"1689","Matt Schaub","2009","11",69.4,"L",25,39,305,2,0,4,0,105.2,1689
"1692","Chad Henne","2009","11",61.9,"W",17,29,172,1,0,0,0,87.1,1692
"1696","Matt Hasselbeck","2009","11",55.1,"L",19,26,231,0,1,1,0,84,1696
"1702","Matt Cassel","2009","11",28.4,"W",15,30,248,2,0,5,1,100.4,1702
"1706","Brett Favre","2009","12",91.5,"W",32,48,392,3,0,1,0,112.5,1706
"1711","Alex Smith","2009","12",83.6,"W",27,41,232,2,0,0,0,96.8,1711
"1713","Vince Young","2009","12",77.7,"W",27,43,387,1,0,4,0,99.7,1713
"1714","Josh Freeman","2009","12",75.7,"L",20,29,250,2,0,1,0,118.5,1714
"1716","Jason Campbell","2009","12",73.6,"L",22,37,231,2,2,1,0,73.1,1716
"1725","Kyle Orton","2009","12",53.9,"W",18,28,245,1,1,1,0,89.1,1725
"1727","David Garrard","2009","12",49.4,"L",25,36,307,0,0,6,2,95.5,1727
"1729","Dennis Dixon","2009","12",45.8,"L",12,26,145,1,1,0,0,60.6,1729
"1731","Matt Cassel","2009","12",40.1,"L",19,31,178,1,1,1,1,74.4,1731
"1732","Matthew Stafford","2009","12",10.8,"L",20,43,213,1,4,2,0,30.5,1732
"1738","Jason Campbell","2009","13",87.5,"L",30,42,367,3,1,0,0,111.9,1738
"1739","Drew Brees","2009","13",86.1,"W",35,49,419,2,1,1,0,102.3,1739
"1741","Peyton Manning","2009","13",81.4,"W",24,37,270,1,0,0,0,95.6,1741
"1743","Brett Favre","2009","13",80.2,"L",30,45,275,2,2,3,0,79.4,1743
"1749","Eli Manning","2009","13",64.9,"W",11,25,241,2,1,1,0,88.9,1749
"1750","Tom Brady","2009","13",64,"L",19,29,352,2,2,0,0,101.5,1750
"1764","Matt Schaub","2009","14",90,"W",29,39,365,2,1,0,0,109.5,1764
"1770","Eli Manning","2009","14",72.5,"L",27,38,391,3,0,3,2,130.5,1770
"1797","Aaron Rodgers","2009","15",85.8,"L",26,48,383,3,0,1,0,101.3,1797
"1799","Vince Young","2009","15",82.2,"W",14,27,236,3,1,2,0,103.3,1799
"1802","Matt Ryan","2009","15",73.6,"W",16,34,152,1,0,0,0,69.7,1802
"1822","Philip Rivers","2009","16",94.7,"W",21,27,264,2,0,1,0,132.1,1822
"1835","Matt Cassel","2009","16",60,"L",22,37,180,1,2,1,0,58.4,1835
"1841","Kyle Orton","2009","16",36.2,"L",27,41,189,3,1,3,0,90.4,1841
"1844","David Garrard","2009","16",24.4,"L",19,25,185,0,2,2,0,62.9,1844
"1848","Jason Campbell","2009","16",11.1,"L",24,39,199,0,1,4,0,63.9,1848
"1851","Brett Favre","2009","17",95.8,"W",25,31,316,4,0,0,0,148.7,1851
"1854","Jason Campbell","2009","17",83.5,"L",28,42,281,2,0,1,0,101.4,1854
"1858","Matt Moore","2009","17",79.1,"W",14,23,162,1,0,2,0,96.6,1858
"1860","Kyle Orton","2009","17",72.8,"L",32,56,431,1,3,2,0,65.4,1860
"1861","Matt Cassel","2009","17",69.1,"W",13,24,207,0,1,0,0,65.8,1861
"1870","Joe Flacco","2009","17",34.4,"W",11,19,102,0,0,4,0,72.7,1870
"1871","Matt Leinart","2009","17",29.9,"L",13,21,96,0,2,0,0,33.1,1871
"1875","Mark Brunell","2009","17",12.1,"L",15,29,102,0,1,0,0,45.5,1875
"1881","David Garrard","2010","1",85.4,"W",16,21,170,3,0,1,0,138.9,1881
"1888","Josh Freeman","2010","1",71.4,"W",17,28,182,2,1,3,0,88.7,1888
"1892","Jay Cutler","2010","1",58.7,"W",23,35,372,2,1,4,1,108.3,1892
"1896","Matt Schaub","2010","1",47.6,"W",9,17,107,1,1,2,0,67.5,1896
"1901","Trent Edwards","2010","1",25.5,"L",18,34,139,1,0,3,0,73,1901
"1907","Kyle Orton","2010","2",91.4,"W",25,35,307,2,0,1,0,117.2,1907
"1909","Bruce Gradkowski","2010","2",85.3,"W",11,21,162,1,1,0,0,73.9,1909
"1911","Matt Schaub","2010","2",82.5,"W",38,52,497,3,1,5,0,114,1911
"1923","Matt Hasselbeck","2010","2",41.2,"L",20,35,233,1,3,1,0,51.3,1923
"1928","David Garrard","2010","2",29.1,"L",15,23,173,1,4,2,0,62.7,1928
"1932","Joe Flacco","2010","2",13.5,"L",17,39,154,1,4,1,0,23.8,1932
"1935","Tom Brady","2010","3",92.9,"W",21,27,252,3,0,1,0,142.6,1935
"1943","Chad Henne","2010","3",78.4,"L",26,44,363,2,1,2,0,91.4,1943
"1952","Derek Anderson","2010","3",45.7,"W",12,26,122,2,1,2,0,69.7,1952
"1953","Shaun Hill","2010","3",42.8,"L",29,43,237,1,2,1,0,69.6,1953
"1960","Carson Palmer","2010","3",22.2,"W",19,37,195,1,2,1,0,53.3,1960
"1969","Donovan McNabb","2010","4",72.4,"W",8,19,125,1,1,1,0,60.2,1969
"1973","Jimmy Clausen","2010","4",60.6,"L",11,21,146,1,0,3,0,90.6,1973
"1985","Bruce Gradkowski","2010","4",17.5,"L",24,39,278,2,2,4,1,78.8,1985
"1998","Kevin Kolb","2010","5",65.3,"W",21,31,253,1,0,4,1,103.3,1998
"1999","Tony Romo","2010","5",63,"L",31,46,406,3,3,6,0,89.6,1999
"2003","Sam Bradford","2010","5",46.2,"L",23,45,215,0,2,1,0,46.1,2003
"2004","Drew Brees","2010","5",41.5,"L",24,39,279,2,3,1,0,68.2,2004
"2005","Carson Palmer","2010","5",39.4,"L",21,36,209,2,3,0,0,58.7,2005
"2006","Aaron Rodgers","2010","5",39,"L",27,46,293,1,1,4,0,75.7,2006
"2007","Matt Cassel","2010","5",31,"L",16,29,156,0,0,1,0,70.5,2007
"2023","Tony Romo","2010","6",78,"L",24,32,220,3,2,0,0,98.4,2023
"2028","Joe Flacco","2010","6",58.5,"L",27,35,285,2,0,3,0,119.3,2028
"2030","Drew Stanton","2010","6",56.3,"L",19,34,222,1,1,2,1,73.4,2030
"2034","Donovan McNabb","2010","6",40.7,"L",29,45,246,1,2,3,0,67.5,2034
"2049","Todd Bouman","2010","7",68.5,"L",18,34,222,2,2,1,0,68.5,2049
"2054","Tom Brady","2010","7",47.2,"W",19,32,159,1,0,4,0,82.7,2054
"2055","Ben Roethlisberger","2010","7",47,"W",19,27,302,2,0,3,1,132,2055
"2065","Drew Brees","2010","7",16.5,"L",37,56,356,2,4,3,0,65.8,2065
"2083","Matthew Stafford","2010","8",46.1,"W",26,45,212,4,1,1,0,90.2,2083
"2084","Aaron Rodgers","2010","8",31,"W",15,34,170,0,0,2,0,59.7,2084
"2091","Matt Schaub","2010","8",7.5,"L",22,38,201,1,1,3,1,70.2,2091
"2101","Ben Roethlisberger","2010","9",74.5,"W",17,27,163,1,1,1,0,76.6,2101
"2108","Derek Anderson","2010","9",59.2,"L",15,26,179,1,0,6,0,91.7,2108
"2114","Chad Henne","2010","9",24,"L",22,34,231,0,3,2,0,47.5,2114
"2121","Matt Hasselbeck","2010","10",89.9,"W",22,34,333,1,0,1,0,106.6,2121
"2125","Joe Flacco","2010","10",81.3,"L",22,34,215,3,1,2,0,99.5,2125
"2134","Ben Roethlisberger","2010","10",55.7,"L",30,49,387,3,1,5,0,97.9,2134
"2144","Brett Favre","2010","10",22.2,"L",18,31,170,1,3,1,1,44.5,2144
"2148","Aaron Rodgers","2010","11",92.9,"W",22,31,301,4,0,3,0,141.3,2148
"2159","Joe Flacco","2010","11",70.1,"W",24,33,301,1,0,3,1,110.8,2159
"2161","Carson Palmer","2010","11",66.6,"L",19,34,230,2,2,0,0,71.9,2161
"2167","Colt McCoy","2010","11",31.8,"L",17,28,241,1,1,6,0,85.6,2167
"2174","Matt Cassel","2010","12",95.6,"W",22,32,233,4,0,0,0,129.3,2174
"2182","Drew Brees","2010","12",80.1,"W",23,39,352,1,1,2,0,86.7,2182
"2195","Peyton Manning","2010","12",30.9,"L",31,48,285,2,4,1,0,59.8,2195
"2199","Mark Sanchez","2010","12",23.6,"W",16,28,166,1,1,2,0,71.4,2199
"2201","Bruce Gradkowski","2010","12",17,"L",17,32,252,1,2,1,0,63.5,2201
"2209","Carson Palmer","2010","13",81.2,"L",23,33,249,1,0,3,0,101.7,2209
"2210","Matt Schaub","2010","13",74.1,"L",22,36,337,2,1,2,1,99,2210
"2217","Joe Flacco","2010","13",62.6,"L",17,33,266,1,0,4,1,88.7,2217
"2222","Troy Smith","2010","13",45.6,"L",10,25,194,1,1,4,0,64.4,2222
"2223","Philip Rivers","2010","13",41.3,"L",23,39,280,1,1,4,0,79,2223
"2224","Eli Manning","2010","13",37.5,"W",15,25,161,0,1,0,0,62.3,2224
"2226","Donovan McNabb","2010","13",30.5,"L",26,44,296,1,2,4,1,68,2226
"2227","Matt Hasselbeck","2010","13",28.8,"W",17,30,229,0,2,2,0,53.3,2227
"2229","Chad Henne","2010","13",24.9,"L",16,32,174,1,3,1,0,37.8,2229
"2239","Kerry Collins","2010","14",81.6,"L",28,39,244,3,0,0,0,113.6,2239
"2249","Josh Freeman","2010","14",59.6,"W",15,25,266,1,0,1,1,109.8,2249
"2254","Matt Flynn","2010","14",26.9,"L",15,26,177,0,1,2,0,62.5,2254
"2256","John Skelton","2010","14",20.8,"W",15,37,146,0,0,0,0,52.3,2256
"2257","Carson Palmer","2010","14",20.7,"L",20,32,178,1,3,3,0,48.7,2257
"2260","Tarvaris Jackson","2010","14",11.7,"L",15,30,118,0,1,4,0,46.3,2260
"2265","Tim Tebow","2010","15",86.5,"L",8,16,138,1,0,2,0,100.5,2265
"2267","Philip Rivers","2010","15",84.1,"W",19,25,273,3,0,1,0,150.5,2267
"2272","Drew Brees","2010","15",80.8,"L",29,46,267,3,1,3,0,91.5,2272
"2285","Joe Flacco","2010","15",42.8,"W",10,20,172,2,0,3,0,112.9,2285
"2287","Jason Campbell","2010","15",35.2,"W",15,26,238,1,2,0,0,69.1,2287
"2291","Alex Smith","2010","15",11.1,"L",19,29,165,0,1,6,0,66,2291
"2292","Carson Palmer","2010","16",99.6,"W",16,21,269,4,0,0,0,157.2,2292
"2294","Josh Freeman","2010","16",90,"W",21,26,237,5,0,2,0,144.2,2294
"2298","Shaun Hill","2010","16",79,"W",14,26,222,2,0,2,0,108.2,2298
"2299","Joe Webb","2010","16",77.3,"W",17,26,195,0,0,2,0,87.8,2299
"2308","Mike Vick","2010","16",50.4,"L",25,43,263,1,1,6,2,74.1,2308
"2311","Chad Henne","2010","16",43.8,"L",29,44,278,1,2,2,0,72,2311
"2315","Jason Campbell","2010","16",25.7,"L",29,42,231,1,0,3,0,90.5,2315
"2317","Kerry Collins","2010","16",17.5,"L",14,37,235,2,2,3,0,55.6,2317
"2318","Ryan Fitzpatrick","2010","16",4.9,"L",18,37,251,0,3,3,2,37.1,2318
"2320","Matt Schaub","2010","17",91.4,"W",18,22,253,1,0,0,0,129.7,2320
"2324","Shaun Hill","2010","17",77.8,"W",28,39,258,1,1,1,0,87.3,2324
"2339","Richard Bartel","2010","17",31.9,"L",16,28,150,0,1,2,0,57.1,2339
"2342","Jimmy Clausen","2010","17",22.5,"L",19,33,182,1,1,3,0,70.5,2342
"2343","Joe Flacco","2010","17",18.6,"W",14,19,125,0,1,4,0,69,2343
"2348","Tom Brady","2011","1",88,"W",32,48,517,4,1,1,0,121.6,2348
"2351","Ryan Fitzpatrick","2011","1",85.3,"W",17,25,208,4,0,1,0,133,2351
"2355","Matthew Stafford","2011","1",76.3,"W",24,33,305,3,1,0,0,118.9,2355
"2362","Josh Freeman","2011","1",52.9,"L",28,43,259,1,1,2,0,79.5,2362
"2367","Philip Rivers","2011","1",43.9,"W",33,48,335,2,2,2,0,85,2367
"2370","Tarvaris Jackson","2011","1",40.4,"L",21,37,197,2,1,5,2,78.3,2370
"2383","Matt Ryan","2011","2",80.3,"W",17,28,195,4,2,4,0,91.5,2383
"2386","Matt Schaub","2011","2",75.3,"W",21,29,230,2,0,3,0,118.5,2386
"2392","Andy Dalton","2011","2",60.1,"L",27,41,332,2,0,2,0,107,2392
"2393","Chad Henne","2011","2",59.9,"L",12,30,170,1,1,2,0,56.3,2393
"2395","Donovan McNabb","2011","2",53.7,"L",18,30,228,0,0,2,0,83.8,2395
"2406","Eli Manning","2011","3",84.1,"W",16,23,254,4,0,3,0,145.7,2406
"2412","Kyle Orton","2011","3",71,"L",24,39,173,2,2,1,0,67.6,2412
"2417","Colt McCoy","2011","3",60.5,"W",19,39,210,2,1,0,0,71.5,2417
"2419","Matthew Stafford","2011","3",56.8,"W",32,46,378,2,0,5,0,108.8,2419
"2431","Jay Cutler","2011","3",30,"L",21,37,302,2,2,3,0,78.9,2431
"2433","Aaron Rodgers","2011","4",97.1,"W",29,38,408,4,1,2,0,134.5,2433
"2434","Kyle Orton","2011","4",94.4,"L",22,32,273,3,3,1,0,87.1,2434
"2435","Matt Hasselbeck","2011","4",94.2,"W",10,20,220,3,1,0,0,108.3,2435
"2440","Matt Schaub","2011","4",81.9,"W",14,21,138,1,0,0,0,100.9,2440
"2441","Cam Newton","2011","4",78,"L",27,46,374,1,1,0,0,83.1,2441
"2454","Matt Moore","2011","4",43.1,"L",17,26,167,0,1,3,0,67.3,2454
"2460","Blaine Gabbert","2011","4",11.1,"L",16,42,196,1,1,3,0,51.3,2460
"2465","Curtis Painter","2011","5",85.6,"L",15,27,277,2,0,0,0,115.8,2465
"2467","Andy Dalton","2011","5",80.8,"W",21,33,179,2,1,2,0,85.3,2467
"2474","Cam Newton","2011","5",66.3,"L",16,31,224,2,1,1,0,83.3,2474
"2478","Matt Schaub","2011","5",56.6,"L",24,51,416,2,2,3,0,72,2478
"2487","Aaron Rodgers","2011","6",93.2,"W",18,29,316,3,1,1,0,119.3,2487
"2489","Jay Cutler","2011","6",87.9,"W",21,31,267,2,0,1,1,115.9,2489
"2500","Drew Brees","2011","6",60.4,"L",29,45,383,1,3,0,0,70.9,2500
"2506","Matthew Stafford","2011","6",43.6,"L",28,50,293,2,0,5,0,86.5,2506
"2507","Tom Brady","2011","6",43.4,"W",27,41,289,2,2,3,0,82.3,2507
"2519","John Beck","2011","7",70.9,"L",22,37,279,1,1,3,1,80.8,2519
"2524","Matt Moore","2011","7",49,"L",22,33,197,1,0,4,1,92.6,2524
"2526","Kevin Kolb","2011","7",42.1,"L",18,34,272,2,1,2,0,86.9,2526
"2539","Matthew Stafford","2011","8",92.6,"W",21,30,267,3,0,2,0,130.8,2539
"2543","Cam Newton","2011","8",72.2,"L",22,35,290,3,0,3,2,117.6,2543
"2544","Matt Moore","2011","8",71.7,"L",13,22,138,0,1,5,0,58.5,2544
"2545","Tom Brady","2011","8",69.9,"L",24,35,198,2,0,3,0,101.8,2545
"2551","Tarvaris Jackson","2011","8",49.8,"L",21,40,323,0,1,2,0,69.1,2551
"2558","Tony Romo","2011","8",21.1,"L",18,35,203,1,1,4,0,66.7,2558
"2561","John Beck","2011","8",12.3,"L",20,33,208,0,2,10,0,53.6,2561
"2563","Matt Moore","2011","9",96.5,"W",17,23,244,3,0,0,0,147.5,2563
"2564","Joe Flacco","2011","9",91.1,"W",28,47,300,1,0,3,1,85.4,2564
"2573","Ben Roethlisberger","2011","9",77.7,"L",20,37,330,1,1,1,0,82,2573
"2578","Matt Hasselbeck","2011","9",63.4,"L",24,41,272,2,0,2,0,94.8,2578
"2594","Matt Schaub","2011","10",85.8,"W",11,15,242,2,0,1,0,154.9,2594
"2596","Carson Palmer","2011","10",85,"W",14,20,299,2,1,1,1,125,2596
"2599","Joe Flacco","2011","10",67.6,"L",29,52,255,1,1,1,0,67.4,2599
"2600","Matt Moore","2011","10",66.5,"W",20,29,209,0,1,2,1,75.2,2600
"2601","Matt Ryan","2011","10",66.3,"L",29,52,351,2,1,1,0,81.5,2601
"2608","Andy Dalton","2011","10",36.9,"L",15,30,170,2,2,0,0,61.8,2608
"2609","Rex Grossman","2011","10",33.7,"L",21,32,215,0,2,3,0,58.7,2609
"2612","Philip Rivers","2011","10",29.6,"L",23,47,274,2,1,6,1,72.5,2612
"2621","Matt Moore","2011","11",94.4,"W",14,20,160,3,0,1,0,133.3,2621
"2622","Jake Locker","2011","11",94,"L",9,19,140,2,0,1,0,107.3,2622
"2623","Matt Ryan","2011","11",93.8,"W",22,32,316,1,0,0,0,110.9,2623
"2627","Aaron Rodgers","2011","11",85.8,"W",23,34,299,3,1,2,0,112.3,2627
"2632","Blaine Gabbert","2011","11",67.5,"L",22,41,210,0,0,1,0,68.1,2632
"2655","Cam Newton","2011","12",66.5,"W",20,27,208,0,0,3,0,95.9,2655
"2659","Tony Romo","2011","12",60.4,"W",22,34,226,2,2,1,0,78.8,2659
"2661","Rex Grossman","2011","12",53.5,"W",26,35,314,2,2,1,0,96.6,2661
"2662","Josh Freeman","2011","12",52.8,"L",18,33,199,1,1,2,1,70.1,2662
"2670","Matthew Stafford","2011","12",37.2,"L",32,45,276,1,3,1,0,66.5,2670
"2671","Alex Smith","2011","12",36.5,"L",15,24,140,0,1,9,0,61.1,2671
"2675","Matt Hasselbeck","2011","12",21,"W",19,34,160,1,2,2,0,53.6,2675
"2676","Blaine Gabbert","2011","12",13.7,"L",13,29,136,0,1,6,0,44.6,2676
"2678","Tom Brady","2011","13",92.4,"W",29,38,289,2,0,1,0,114.9,2678
"2682","Eli Manning","2011","13",80.4,"L",23,40,347,3,1,1,1,100.7,2682
"2686","Tyler Palko","2011","13",71,"W",17,30,157,1,0,2,0,82.2,2686
"2689","Matt Moore","2011","13",65.6,"W",13,25,162,1,0,1,0,85.8,2689
"2700","T.J. Yates","2011","13",39,"W",12,25,188,1,0,3,1,86.8,2700
"2704","Rex Grossman","2011","13",18.2,"L",19,46,221,0,1,2,1,47.5,2704
"2709","Mark Sanchez","2011","14",88.5,"W",13,21,181,2,0,3,1,121.3,2709
"2723","Jake Locker","2011","14",49.3,"L",13,29,282,1,0,2,0,91.5,2723
"2729","Colt McCoy","2011","14",27,"L",18,35,209,0,2,3,0,46,2729
"2734","Ryan Fitzpatrick","2011","14",10.8,"L",13,34,176,0,2,1,0,31,2734
"2736","Tyler Palko","2011","14",4.4,"L",16,32,195,1,1,5,0,66.5,2736
"2737","Philip Rivers","2011","15",98.5,"W",17,23,270,1,0,0,0,127.1,2737
"2738","Mike Vick","2011","15",98.5,"W",15,22,274,1,1,0,0,107,2738
"2740","Drew Brees","2011","15",93.6,"W",32,40,412,5,0,0,1,149.2,2740
"2741","Matt Ryan","2011","15",90.1,"W",19,26,224,3,0,1,0,137.3,2741
"2746","Alex Smith","2011","15",80.8,"W",18,31,187,1,0,0,0,86.4,2746
"2754","Tim Tebow","2011","15",51.1,"L",11,22,194,0,0,4,1,80.5,2754
"2755","Joe Flacco","2011","15",46,"L",23,34,226,2,2,5,0,81.3,2755
"2766","Mike Vick","2011","16",94.6,"W",18,32,293,2,0,2,0,107.9,2766
"2769","Joe Flacco","2011","16",79.1,"W",11,24,132,2,1,1,0,73.6,2769
"2776","Dan Orlovsky","2011","16",67,"W",23,41,244,1,0,3,1,81.8,2776
"2789","Tim Tebow","2011","16",32.4,"L",13,29,185,1,3,4,1,37.9,2789
"2799","Joe Flacco","2011","17",82.9,"W",15,19,130,1,0,1,0,112.7,2799
"2808","Ryan Fitzpatrick","2011","17",60.3,"L",29,46,307,2,4,2,0,60.7,2808
"2813","Seneca Wallace","2011","17",38.8,"L",16,41,177,0,1,2,0,42.4,2813
"2820","Tony Romo","2011","17",22.9,"L",29,37,289,2,1,6,1,106,2820
"2825","Tom Brady","2012","1",91.8,"W",23,31,236,2,0,1,0,117.1,2825
"2828","Tony Romo","2012","1",84,"W",22,29,307,3,1,2,0,129.5,2828
"2832","Matt Cassel","2012","1",74.8,"L",21,33,258,1,2,3,1,72.5,2832
"2833","Carson Palmer","2012","1",74.7,"L",32,46,297,1,0,3,0,94.2,2833
"2839","Jake Locker","2012","1",58.7,"L",23,32,229,1,1,2,1,89.2,2839
"2842","Drew Brees","2012","1",45,"L",24,52,339,3,2,2,0,70.9,2842
"2848","Cam Newton","2012","1",33.1,"L",23,33,303,1,2,3,0,83.3,2848
"2852","Ben Roethlisberger","2012","2",96.4,"W",24,31,275,2,0,3,0,125.1,2852
"2854","Ryan Fitzpatrick","2012","2",85,"W",10,19,178,2,0,0,0,120.1,2854
"2855","Andrew Luck","2012","2",80.2,"W",20,31,224,2,0,2,0,107.5,2855
"2857","Ryan Tannehill","2012","2",76.9,"W",18,30,200,1,0,1,0,91,2857
"2860","Matt Schaub","2012","2",72.2,"W",26,35,195,0,0,0,0,87.2,2860
"2864","Eli Manning","2012","2",62,"W",31,51,510,3,3,0,0,89.5,2864
"2867","Josh Freeman","2012","2",58.1,"L",15,28,243,2,2,2,0,76.9,2867
"2870","Aaron Rodgers","2012","2",52.5,"W",22,32,219,1,1,5,0,85.3,2870
"2890","Andrew Luck","2012","3",82.3,"L",22,46,313,2,1,0,0,75.7,2890
"2893","Jake Locker","2012","3",68.1,"W",29,42,378,2,0,0,1,113,2893
"2907","Jay Cutler","2012","3",23.1,"W",17,31,183,0,1,2,0,58.9,2907
"2910","Matt Schaub","2012","4",91.3,"W",20,28,202,2,0,0,0,115.5,2910
"2913","Mike Vick","2012","4",84.8,"W",19,30,241,1,0,2,0,99.4,2913
"2914","Drew Brees","2012","4",83.5,"L",35,54,446,3,0,2,0,109,2914
"2917","Andy Dalton","2012","4",76,"W",20,31,244,2,1,0,0,96.7,2917
"2918","Jay Cutler","2012","4",73.6,"W",18,24,275,2,0,2,1,140.1,2918
"2919","Carson Palmer","2012","4",72.1,"L",19,34,202,0,0,3,0,73.4,2919
"2921","Josh Freeman","2012","4",49.2,"L",24,39,299,1,1,1,0,83.2,2921
"2927","Matt Ryan","2012","4",43.2,"W",25,40,369,3,1,7,0,107.2,2927
"2931","Kevin Kolb","2012","4",40.6,"W",29,48,324,3,2,8,0,84,2931
"2934","Matt Hasselbeck","2012","4",15.1,"L",17,25,193,2,2,3,1,84.3,2934
"2935","Matt Cassel","2012","4",13,"L",24,42,251,2,3,2,0,60.7,2935
"2936","Mark Sanchez","2012","4",4.1,"L",13,29,103,0,1,3,1,39.9,2936
"2937","Alex Smith","2012","5",98.8,"W",18,24,303,3,0,0,0,156.3,2937
"2938","Eli Manning","2012","5",93.4,"W",25,37,259,3,1,0,0,103.3,2938
"2940","Peyton Manning","2012","5",88.3,"L",31,44,337,3,0,2,1,115.4,2940
"2950","Philip Rivers","2012","5",46.5,"L",27,42,354,2,1,5,1,96.7,2950
"2952","Mike Vick","2012","5",45.1,"L",20,30,175,2,0,3,2,104.2,2952
"2953","Brandon Weeden","2012","5",38.2,"L",22,35,291,2,2,0,0,84.3,2953
"2962","Robert Griffin III","2012","6",97.8,"W",17,22,182,1,1,1,0,97.2,2962
"2963","Aaron Rodgers","2012","6",95.8,"W",24,37,338,6,0,2,0,133.8,2963
"2965","Mark Sanchez","2012","6",92.3,"W",11,18,82,2,0,1,0,109,2965
"2967","Sam Bradford","2012","6",83.8,"L",26,39,315,0,0,3,0,91.3,2967
"2971","Tom Brady","2012","6",71,"L",36,58,395,2,2,1,0,79.3,2971
"2979","Matthew Stafford","2012","6",45.9,"W",22,45,311,1,1,0,0,69.8,2979
"2984","Brady Quinn","2012","6",30.6,"L",22,38,180,0,2,0,0,48.1,2984
"2985","Andy Dalton","2012","6",30.6,"L",31,46,381,3,3,2,1,87.3,2985
"2988","Philip Rivers","2012","6",27.6,"L",25,41,241,2,4,4,2,54.1,2988
"3006","Carson Palmer","2012","7",29.7,"W",26,46,298,1,1,2,1,74.4,3006
"3021","Matt Hasselbeck","2012","8",73.7,"L",22,29,236,1,0,2,0,110.7,3021
"3022","Josh Freeman","2012","8",72.2,"W",19,36,262,3,0,1,0,104.2,3022
"3028","Eli Manning","2012","8",52.3,"W",15,29,192,0,1,1,0,58.4,3028
"3030","Tony Romo","2012","8",48.8,"L",36,62,437,1,4,4,0,58.3,3030
"3037","Brandon Weeden","2012","8",19.5,"W",11,27,129,0,0,2,0,55.9,3037
"3044","Aaron Rodgers","2012","9",86.4,"W",14,30,218,4,1,1,0,96.9,3044
"3057","Joe Flacco","2012","9",53.3,"W",15,24,153,1,0,1,0,94.6,3057
"3059","John Skelton","2012","9",42.8,"L",23,46,306,1,1,2,0,69.7,3059
"3063","Christian Ponder","2012","9",26.8,"L",11,22,63,0,1,4,0,37.3,3063
"3090","Matt Cassel","2012","10",27.7,"L",11,26,154,0,1,2,0,46,3090
"3095","Cam Newton","2012","10",9.6,"L",21,36,241,2,2,7,0,74,3095
"3096","Mark Sanchez","2012","10",4.5,"L",9,22,124,0,1,3,1,40.7,3096
"3098","Drew Brees","2012","11",93.4,"W",20,27,219,3,0,0,0,134.6,3098
"3102","Matt Schaub","2012","11",72.7,"W",43,55,527,5,2,2,0,121.7,3102
"3111","Joe Flacco","2012","11",53.2,"W",20,32,164,0,0,2,0,75.5,3111
"3116","Matt Ryan","2012","11",26.6,"W",28,46,301,0,5,1,0,40.5,3116
"3121","Ryan Lindley","2012","11",5.6,"L",9,20,64,0,0,3,1,52.9,3121
"3123","Russell Wilson","2012","12",96,"L",21,27,224,2,0,2,0,125.9,3123
"3135","Matthew Stafford","2012","12",70.6,"L",31,61,441,2,0,3,0,85.5,3135
"3137","Drew Brees","2012","12",55.8,"L",26,41,267,3,2,5,0,86.1,3137
"3146","Ryan Fitzpatrick","2012","12",21.8,"L",17,33,180,1,1,2,0,65.2,3146
"3151","Mark Sanchez","2012","12",14.3,"L",26,36,301,1,1,2,1,94.8,3151
"3156","Tony Romo","2012","13",91.7,"W",22,27,303,3,0,2,0,150.5,3156
"3177","Jake Locker","2012","13",22.7,"L",21,45,309,1,3,6,2,49.2,3177
"3178","Chad Henne","2012","13",19.8,"L",19,42,202,1,1,3,1,57.8,3178
"3184","Colin Kaepernick","2012","14",83.1,"W",18,23,185,0,0,4,0,100.2,3184
"3190","Matt Ryan","2012","14",61.7,"L",34,49,342,2,1,2,0,94.1,3190
"3191","Robert Griffin III","2012","14",56.4,"W",15,26,242,1,0,3,0,101.8,3191
"3192","Jake Locker","2012","14",55.1,"L",22,35,262,1,2,1,0,71.4,3192
"3201","Joe Flacco","2012","14",32.5,"L",16,21,182,3,1,2,1,121.4,3201
"3209","Brady Quinn","2012","14",8.1,"L",10,21,159,0,1,5,0,53.5,3209
"3211","Matt Ryan","2012","15",93.7,"W",23,28,270,3,0,1,0,142.6,3211
"3214","Drew Brees","2012","15",84,"W",26,39,307,4,0,1,0,124.6,3214
"3225","Carson Palmer","2012","15",42.4,"W",18,29,182,0,0,0,0,80,3225
"3226","Ryan Fitzpatrick","2012","15",25.1,"L",21,38,217,1,2,3,1,58.8,3226
"3229","Chad Henne","2012","15",15.5,"L",18,34,221,0,0,2,0,73.3,3229
"3237","Eli Manning","2012","15",6.5,"L",13,25,161,0,2,1,0,38.9,3237
"3238","Russell Wilson","2012","16",98.2,"W",15,21,171,4,1,1,0,115.3,3238
"3239","Joe Flacco","2012","16",97,"W",25,36,309,2,0,0,0,114.2,3239
"3246","Cam Newton","2012","16",70.3,"W",18,29,170,1,1,2,0,75.4,3246
"3252","Sam Bradford","2012","16",57,"W",13,27,196,2,1,0,0,81.7,3252
"3253","Eli Manning","2012","16",50.9,"L",14,28,150,1,0,3,0,78,3253
"3256","Chad Henne","2012","16",47.1,"L",29,51,348,1,3,1,0,59.9,3256
"3261","Ryan Lindley","2012","16",26.8,"L",17,30,141,0,1,2,0,55,3261
"3267","Jake Locker","2012","16",5.5,"L",13,30,140,1,2,7,0,41,3267
"3282","Philip Rivers","2012","17",69.3,"W",13,17,151,2,0,2,0,142,3282
"3284","Thaddeus Lewis","2012","17",65.9,"L",22,32,204,1,1,3,0,83.3,3284
"3289","Jay Cutler","2012","17",54.6,"W",18,31,257,1,0,2,0,95.8,3289
"3298","Andrew Luck","2013","1",95.9,"W",18,23,178,2,0,4,0,127.9,3298
"3309","Tom Brady","2013","1",65.7,"W",29,52,288,2,1,3,1,76.4,3309
"3310","Drew Brees","2013","1",63,"W",26,35,357,2,1,2,0,113.6,3310
"3316","Philip Rivers","2013","1",51.2,"L",14,29,195,4,1,2,0,95.5,3316
"3317","Eli Manning","2013","1",45.5,"L",27,42,450,4,3,3,0,102.3,3317
"3319","Geno Smith","2013","1",40.6,"W",24,38,256,1,1,5,1,80.6,3319
"3321","Josh Freeman","2013","1",28,"L",15,31,210,1,1,3,0,67.9,3321
"3322","Christian Ponder","2013","1",25.1,"L",18,28,236,1,3,3,1,63.1,3322
"3323","Ben Roethlisberger","2013","1",24.8,"L",21,33,191,1,1,5,1,76.7,3323
"3327","Peyton Manning","2013","2",94.4,"W",30,43,307,2,0,0,0,105.5,3327
"3331","Sam Bradford","2013","2",72.7,"L",32,55,352,3,1,0,0,87.8,3331
"3334","Aaron Rodgers","2013","2",67.8,"W",34,42,480,4,0,4,0,146,3334
"3336","Tony Romo","2013","2",65.5,"L",30,42,298,1,0,3,1,99.1,3336
"3342","Jake Locker","2013","2",52.8,"L",17,30,148,2,0,4,0,92.1,3342
"3349","Robert Griffin III","2013","2",39.8,"L",26,40,320,3,1,1,0,104.2,3349
"3354","Colin Kaepernick","2013","2",30.4,"L",13,28,127,0,3,3,1,20.1,3354
"3360","Philip Rivers","2013","3",88.1,"L",20,24,184,1,0,2,0,112.5,3360
"3361","Matthew Stafford","2013","3",86.8,"W",25,42,385,2,1,1,0,95.8,3361
"3379","Aaron Rodgers","2013","3",30.4,"L",26,43,244,1,2,4,0,64.5,3379
"3387","Jake Locker","2013","4",85.7,"W",18,24,149,3,0,2,0,130,3387
"3389","Drew Brees","2013","4",81.7,"W",30,39,413,4,0,2,0,144.5,3389
"3393","Tony Romo","2013","4",67.1,"L",27,37,246,2,0,3,0,108.6,3393
"3394","Mike Vick","2013","4",66.4,"L",14,27,248,0,0,3,0,83.6,3394
"3397","Alex Smith","2013","4",57.1,"W",24,41,288,3,2,1,0,84.2,3397
"3399","Andrew Luck","2013","4",52.9,"W",21,35,257,2,1,2,0,89.8,3399
"3402","Mike Glennon","2013","4",37.4,"L",24,43,193,1,2,2,1,55.7,3402
"3403","Matthew Stafford","2013","4",37.3,"W",23,35,242,1,1,1,1,83.3,3403
"3413","Blaine Gabbert","2013","4",3.6,"L",17,32,179,0,3,4,0,30.6,3413
"3421","Joe Flacco","2013","5",85.1,"W",19,32,269,0,1,2,0,73.6,3421
"3424","Geno Smith","2013","5",77,"W",16,20,199,3,0,4,0,147.7,3424
"3430","Ryan Fitzpatrick","2013","5",50.7,"L",21,41,247,1,2,3,0,57.7,3430
"3435","Carson Palmer","2013","5",35.6,"W",19,28,175,1,3,2,0,57,3435
"3455","Carson Palmer","2013","6",57.3,"L",25,41,298,2,2,1,0,79.1,3455
"3466","Joe Flacco","2013","6",23.6,"L",20,34,342,2,0,5,1,112.6,3466
"3468","Terrelle Pryor Sr.","2013","6",17.8,"L",18,34,216,1,3,9,0,45.7,3468
"3469","Geno Smith","2013","6",8.9,"L",19,34,201,0,2,3,0,48.8,3469
"3473","Joe Flacco","2013","7",92.8,"L",24,34,215,1,0,1,0,97.1,3473
"3475","Andy Dalton","2013","7",91.3,"W",24,34,372,3,0,1,0,135.9,3475
"3499","Chad Henne","2013","7",8.7,"L",23,36,318,0,1,6,0,80.6,3499
"3502","Aaron Rodgers","2013","8",98.3,"W",24,29,285,2,0,2,0,130.6,3502
"3508","Jason Campbell","2013","8",61.4,"L",22,36,293,2,0,1,0,105.4,3508
"3517","Alex Smith","2013","8",40,"W",24,36,225,2,0,6,0,102.2,3517
"3520","Ben Roethlisberger","2013","8",21.8,"L",29,45,275,1,2,5,0,70.1,3520
"3527","Tom Brady","2013","9",92.7,"W",23,33,432,4,0,3,0,151.8,3527
"3531","Jason Campbell","2013","9",74.6,"W",23,35,262,3,0,2,0,116.6,3531
"3541","Matt Ryan","2013","9",50.2,"L",20,27,219,1,3,1,0,70.4,3541
"3545","Geno Smith","2013","9",27.1,"W",8,19,115,0,0,2,0,62.4,3545
"3546","Jeff Tuel","2013","9",16.7,"L",18,39,229,1,2,0,0,52.2,3546
"3550","Drew Brees","2013","10",85.9,"W",34,41,392,4,0,1,0,139,3550
"3552","Peyton Manning","2013","10",83,"W",25,36,330,4,0,2,1,135.2,3552
"3555","Christian Ponder","2013","10",63.7,"W",17,21,174,2,1,1,0,113.1,3555
"3580","Tom Brady","2013","11",80.6,"L",29,40,296,1,1,2,0,91.3,3580
"3587","Matthew Stafford","2013","11",64.9,"L",19,46,362,2,1,2,0,74.7,3587
"3592","Colin Kaepernick","2013","11",51.5,"L",17,31,127,2,1,3,0,72.9,3592
"3597","Robert Griffin III","2013","11",35.3,"L",17,35,264,2,1,4,1,81.1,3597
"3603","Matt Ryan","2013","11",15.4,"L",19,36,254,2,2,3,0,70.8,3603
"3613","Mike Glennon","2013","12",71.8,"W",14,21,247,2,0,4,0,138.4,3613
"3619","Tony Romo","2013","12",56.7,"W",23,38,234,2,1,4,0,84.8,3619
"3621","Brandon Weeden","2013","12",45.7,"L",13,30,209,1,1,3,1,64.4,3621
"3622","Matthew Stafford","2013","12",44.1,"L",26,46,297,3,4,2,0,61.6,3622
"3623","Christian Ponder","2013","12",39.7,"T",21,30,233,1,0,6,0,103.9,3623
"3624","Chad Henne","2013","12",31.8,"W",23,32,239,0,0,4,0,93.1,3624
"3625","Andrew Luck","2013","12",28.7,"L",20,39,163,1,1,1,0,60.1,3625
"3629","Joe Flacco","2013","12",22.6,"W",17,26,273,1,1,4,0,97.1,3629
"3640","Joe Flacco","2013","13",77.1,"W",24,35,251,1,0,2,0,98.6,3640
"3641","Matt Ryan","2013","13",76.3,"W",28,47,311,1,0,6,1,86.4,3641
"3645","Eli Manning","2013","13",69.2,"W",22,28,235,1,1,3,0,98.7,3645
"3650","Matthew Stafford","2013","13",62.5,"W",22,35,330,3,2,1,1,98.5,3650
"3660","Kellen Clemens","2013","13",31.7,"L",19,37,218,1,1,3,0,67.2,3660
"3666","Philip Rivers","2013","14",95.9,"W",21,28,249,3,0,2,1,137.4,3666
"3668","Ryan Fitzpatrick","2013","14",88.5,"L",13,24,172,1,1,2,0,73.6,3668
"3669","Peyton Manning","2013","14",87.8,"W",39,59,397,4,0,0,0,107.8,3669
"3679","Joe Flacco","2013","14",69.1,"W",28,50,245,3,3,2,0,64.2,3679
"3685","Matt Schaub","2013","14",56.1,"L",17,29,198,1,1,2,0,76.5,3685
"3691","Matthew Stafford","2013","14",19.9,"L",10,25,151,0,0,0,1,60.6,3691
"3698","Jay Cutler","2013","15",88.4,"W",22,31,265,3,2,2,0,102.2,3698
"3701","Carson Palmer","2013","15",80.8,"W",20,30,231,1,0,2,0,100.8,3701
"3706","Andrew Luck","2013","15",63.5,"W",19,32,180,2,1,1,0,82.8,3706
"3709","Cam Newton","2013","15",57.3,"W",16,24,273,1,0,2,0,118.9,3709
"3714","Matt Flynn","2013","15",48.1,"W",26,39,299,4,1,2,0,113.1,3714
"3718","Chad Henne","2013","15",41.8,"L",21,36,237,2,2,5,0,73.5,3718
"3723","Nick Foles","2013","16",95.7,"W",21,25,230,2,0,2,0,131.7,3723
"3726","Tony Romo","2013","16",84.7,"W",17,27,226,2,1,2,0,98.7,3726
"3729","Tom Brady","2013","16",73,"W",14,26,172,1,0,2,0,87.3,3729
"3733","Eli Manning","2013","16",64.8,"W",23,42,256,1,1,2,0,71.1,3733
"3735","Matthew Stafford","2013","16",49.3,"L",25,42,222,0,2,2,0,53.9,3735
"3741","Chad Henne","2013","16",33.4,"L",24,34,237,2,1,2,0,97.3,3741
"3743","Matt McGloin","2013","16",23.4,"L",20,36,206,0,1,1,0,60.6,3743
"3746","Matt Schaub","2013","16",15.1,"L",18,37,176,1,2,3,0,48.9,3746
"3747","Matt Flynn","2013","16",14.5,"L",21,39,232,1,1,3,1,69.6,3747
"3752","Peyton Manning","2013","17",96.6,"W",25,28,266,4,0,1,0,145.8,3752
"3753","Geno Smith","2013","17",89.6,"W",17,27,190,0,0,0,0,83.9,3753
"3756","Chase Daniel","2013","17",78.7,"L",21,30,200,1,0,2,0,99.3,3756
"3760","Aaron Rodgers","2013","17",59.2,"W",25,39,318,2,2,3,0,85.2,3760
"3767","Matt Cassel","2013","17",46.3,"W",20,33,189,1,1,3,0,73.9,3767
"3770","Chad Henne","2013","17",41,"L",30,51,331,1,1,3,0,76.5,3770
"3772","Ben Roethlisberger","2013","17",39.4,"W",19,31,179,1,2,1,0,61.1,3772
"3773","Jason Campbell","2013","17",39,"L",23,41,240,1,1,3,1,71.2,3773
"3774","Matt Schaub","2013","17",29.3,"L",22,34,229,0,2,1,1,59.6,3774
"3775","Thaddeus Lewis","2013","17",28.7,"L",16,29,247,1,0,4,0,95,3775
"3776","Ryan Fitzpatrick","2013","17",25.4,"W",15,24,166,0,1,1,0,65.6,3776
"3785","Matt Ryan","2014","1",86.6,"W",31,43,448,3,0,1,0,128.8,3785
"3786","Derek Anderson","2014","1",86.2,"W",24,34,230,2,0,1,0,108.7,3786
"3788","Jake Locker","2014","1",75.6,"W",22,33,266,2,0,4,0,111.4,3788
"3789","Ryan Fitzpatrick","2014","1",74.4,"W",14,22,206,1,0,0,0,109.3,3789
"3798","Andrew Luck","2014","1",50.7,"L",35,53,370,2,2,3,0,83.1,3798
"3799","Robert Griffin III","2014","1",43.8,"L",29,37,267,0,0,3,1,96.7,3799
"3806","Nick Foles","2014","1",27.7,"W",27,45,322,2,1,5,2,87.5,3806
"3807","Josh McCown","2014","1",19.8,"L",22,35,183,2,2,3,0,71.5,3807
"3810","Austin Davis","2014","1",9.7,"L",16,23,192,0,1,4,0,76.7,3810
"3814","Austin Davis","2014","2",87.9,"W",22,29,235,0,0,2,0,99.1,3814
"3815","Joe Flacco","2014","2",84,"W",21,29,166,2,0,0,0,109.3,3815
"3819","Geno Smith","2014","2",77.9,"L",16,32,176,1,1,1,0,64.1,3819
"3827","Cam Newton","2014","2",62.6,"W",22,34,281,1,0,4,0,100.2,3827
"3829","Matthew Stafford","2014","2",60.9,"L",27,48,291,1,1,4,0,72.5,3829
"3830","Andy Dalton","2014","2",59.6,"W",15,23,252,1,0,0,0,116.6,3830
"3836","Matt Cassel","2014","2",36.4,"L",19,36,202,1,4,6,0,39.1,3836
"3842","Tony Romo","2014","3",98.5,"W",18,23,217,2,1,0,0,116.8,3842
"3843","Andrew Luck","2014","3",95.3,"W",31,39,370,4,0,2,0,140.4,3843
"3854","Russell Wilson","2014","3",80.1,"W",24,34,258,2,1,3,0,99.9,3854
"3856","Joe Flacco","2014","3",76.3,"W",19,31,217,1,1,0,0,79.6,3856
"3858","Ben Roethlisberger","2014","3",67,"W",22,30,196,2,0,1,0,112.6,3858
"3868","Andy Dalton","2014","3",30,"W",15,23,169,0,1,0,0,68.9,3868
"3870","EJ Manuel","2014","3",14.8,"L",23,39,238,1,0,3,0,85.2,3870
"3873","Tony Romo","2014","4",94.6,"W",22,29,262,3,0,1,0,137.4,3873
"3874","Andrew Luck","2014","4",93,"W",29,41,393,4,1,0,0,123.3,3874
"3875","Ryan Tannehill","2014","4",90,"W",23,31,278,2,1,0,0,109.3,3875
"3877","Eli Manning","2014","4",88.2,"W",28,39,300,4,1,1,0,117.5,3877
"3879","Jay Cutler","2014","4",79.9,"L",22,34,256,2,2,1,0,82.5,3879
"3888","Ben Roethlisberger","2014","4",63.9,"L",29,40,314,3,0,5,1,120.2,3888
"3889","Alex Smith","2014","4",58.3,"W",20,26,248,3,0,2,0,144.4,3889
"3892","Geno Smith","2014","4",43.1,"L",17,33,209,1,1,2,1,68.9,3892
"3897","Kirk Cousins","2014","4",11.3,"L",19,33,257,1,4,2,1,53,3897
"3903","Tony Romo","2014","5",81.8,"W",28,41,324,2,1,1,0,98,3903
"3906","Mike Glennon","2014","5",77,"L",19,32,249,2,1,1,0,91.8,3906
"3914","Kirk Cousins","2014","5",51.9,"L",21,36,283,2,0,1,0,102,3914
"3916","Blake Bortles","2014","5",50,"L",22,36,191,0,2,1,0,52,3916
"3918","Charlie Whitehurst","2014","5",43.5,"L",13,21,194,2,0,2,0,123.9,3918
"3933","Andy Dalton","2014","6",85.7,"T",33,43,323,2,2,1,0,93.5,3933
"3934","Aaron Rodgers","2014","6",85.3,"W",24,42,264,3,0,3,0,99.7,3934
"3937","Nick Foles","2014","6",75.5,"W",21,34,248,2,2,1,0,79,3937
"3938","Jay Cutler","2014","6",74.2,"W",26,38,381,1,0,2,0,109.6,3938
"3943","Ryan Fitzpatrick","2014","6",62.8,"L",15,23,212,1,0,5,1,109.3,3943
"3945","Geno Smith","2014","6",59.7,"L",23,43,190,2,1,4,0,70.9,3945
"3948","Matt Ryan","2014","6",44.8,"L",19,37,271,1,1,4,0,73.1,3948
"3949","Austin Davis","2014","6",32.3,"L",21,42,236,1,1,5,0,65.2,3949
"3950","Charlie Whitehurst","2014","6",31.7,"W",17,28,233,0,0,3,0,87.3,3950
"3953","Mike Glennon","2014","6",17.5,"L",24,44,314,2,1,5,0,83,3953
"3956","Teddy Bridgewater","2014","6",4.4,"L",23,37,188,0,3,8,0,41.3,3956
"3982","Jay Cutler","2014","7",15.9,"L",21,34,190,1,1,3,1,74.4,3982
"3991","Matt Ryan","2014","8",74.7,"L",20,27,228,2,1,2,0,108.3,3991
"3996","Jay Cutler","2014","8",63.7,"L",20,30,227,3,1,3,1,108.6,3996
"4010","Zach Mettenberger","2014","8",22.3,"L",27,41,299,2,1,2,1,93.4,4010
"4012","Tony Romo","2014","8",11.3,"L",17,28,209,1,0,5,0,95.7,4012
"4013","Austin Davis","2014","8",10.8,"L",15,25,160,1,1,7,0,75.4,4013
"4019","Drew Brees","2014","9",80.6,"W",24,34,297,1,1,4,1,94.9,4019
"4028","Joe Flacco","2014","9",49.6,"L",30,45,303,2,1,4,0,91.2,4028
"4033","Robert Griffin III","2014","9",33.9,"L",18,28,251,1,1,5,0,90,4033
"4035","Blake Bortles","2014","9",26.8,"L",22,33,247,2,1,2,0,96.4,4035
"4038","Brian Hoyer","2014","9",16.5,"W",21,34,300,2,2,4,0,85.4,4038
"4041","Aaron Rodgers","2014","10",99.3,"W",18,27,315,6,0,0,0,145.8,4041
"4044","Drew Brees","2014","10",80.7,"L",28,47,292,3,2,2,1,81.2,4044
"4049","Joe Flacco","2014","10",65.9,"W",16,27,169,1,0,1,0,89.9,4049
"4054","Colin Kaepernick","2014","10",58.8,"W",14,32,210,1,0,4,1,76.3,4054
"4056","Carson Palmer","2014","10",47,"W",25,36,241,0,1,3,0,76.3,4056
"4065","Austin Davis","2014","10",7.1,"L",17,30,216,1,2,6,1,62.6,4065
"4067","Andy Dalton","2014","11",95.4,"W",16,22,220,3,0,1,0,143.9,4067
"4073","Shaun Hill","2014","11",81.3,"W",20,29,220,1,0,3,0,102.7,4073
"4077","Matt Ryan","2014","11",77.3,"W",31,45,268,1,0,2,0,91.7,4077
"4084","Philip Rivers","2014","11",39.8,"W",22,34,193,1,0,2,0,89.5,4084
"4089","Matthew Stafford","2014","11",33.4,"L",18,30,183,0,1,4,0,63.6,4089
"4104","Matt Ryan","2014","12",69.9,"L",27,43,273,2,1,3,1,86.7,4104
"4111","Alex Smith","2014","12",39.1,"L",20,36,234,2,0,2,0,94,4111
"4127","Philip Rivers","2014","13",91.7,"W",34,45,383,3,1,2,0,113.5,4127
"4129","Shaun Hill","2014","13",84.8,"W",13,22,183,2,0,1,0,116.3,4129
"4131","Joe Flacco","2014","13",83.4,"L",19,31,225,2,0,0,0,104.9,4131
"4136","Jay Cutler","2014","13",67.8,"L",31,48,280,2,2,3,0,76.7,4136
"4139","Russell Wilson","2014","13",54.6,"W",15,22,236,1,0,4,0,118.7,4139
"4141","Brian Hoyer","2014","13",46.5,"L",18,30,192,0,2,2,0,51,4141
"4144","Andy Dalton","2014","13",41.5,"W",19,27,176,1,3,2,0,60.7,4144
"4145","Blake Bortles","2014","13",41.4,"W",21,35,194,1,0,7,0,84.7,4145
"4146","Ben Roethlisberger","2014","13",41,"L",32,58,435,2,2,1,0,76.4,4146
"4153","Alex Smith","2014","13",7.8,"L",15,23,153,2,1,6,0,95,4153
"4155","Cam Newton","2014","14",94.2,"W",21,33,226,3,0,0,0,114,4155
"4158","Matthew Stafford","2014","14",87.6,"W",26,34,311,3,0,4,0,133.3,4158
"4159","Aaron Rodgers","2014","14",87.6,"W",24,36,327,3,0,1,0,123.3,4159
"4162","Jay Cutler","2014","14",84.7,"L",32,46,341,2,1,0,0,96.4,4162
"4169","Tom Brady","2014","14",65.8,"W",28,44,317,2,1,1,0,90.8,4169
"4176","Colin Kaepernick","2014","14",35.8,"L",18,33,174,1,2,5,0,54.4,4176
"4193","Derek Anderson","2014","15",60.3,"W",25,40,277,1,0,3,0,91.4,4193
"4198","Colin Kaepernick","2014","15",47.2,"L",11,19,141,0,0,6,0,81.3,4198
"4200","Josh McCown","2014","15",43.6,"L",13,28,154,1,1,3,2,60.7,4200
"4207","Robert Griffin III","2014","15",32.1,"L",18,27,236,1,0,7,1,106.4,4207
"4213","Jay Cutler","2014","15",4.2,"L",17,31,194,2,3,7,0,55.8,4213
"4219","Cam Newton","2014","16",79.6,"W",18,31,201,1,1,1,0,74.8,4219
"4223","Philip Rivers","2014","16",66.7,"W",33,54,356,4,3,2,0,82,4223
"4226","Matt Hasselbeck","2014","16",60.2,"L",15,21,126,1,0,2,1,102.5,4226
"4229","Jimmy Clausen","2014","16",56,"L",23,39,181,2,1,2,0,77,4229
"4233","Geno Smith","2014","16",45.9,"L",17,27,210,1,1,2,0,83.9,4233
"4236","Alex Smith","2014","16",35.4,"L",31,45,311,0,0,6,0,88.3,4236
"4238","Matthew Stafford","2014","16",28.6,"W",22,39,243,0,2,4,0,53.7,4238
"4239","Andy Dalton","2014","16",25.4,"W",17,25,146,2,1,0,0,93.1,4239
"4240","Ryan Lindley","2014","16",25,"L",18,44,216,0,1,4,0,47.2,4240
"4242","Joe Flacco","2014","16",5.4,"L",21,50,195,2,3,2,0,41.7,4242
"4245","Kyle Orton","2014","17",80.1,"W",16,23,176,1,0,2,1,106.4,4245
"4246","Colin Kaepernick","2014","17",72.5,"W",15,26,204,2,0,1,0,108.5,4246
"4248","Teddy Bridgewater","2014","17",67.4,"W",17,25,209,1,1,3,0,90.3,4248
"4249","Josh McCown","2014","17",65.4,"L",14,23,115,1,1,3,0,70,4249
"4255","Mark Sanchez","2014","17",58,"W",23,36,292,2,1,4,0,96.1,4255
"4256","Russell Wilson","2014","17",57.4,"W",17,25,239,0,1,3,0,81.9,4256
"4266","Shaun Hill","2014","17",33.8,"L",26,37,243,0,2,4,0,65.5,4266
"4276","Aaron Rodgers","2015","1",88.2,"W",18,23,189,3,0,0,0,140.5,4276
"4280","Tony Romo","2015","1",74.9,"W",36,45,356,3,2,0,0,103.3,4280
"4288","Sam Bradford","2015","1",55.2,"L",36,52,336,1,2,0,0,77.1,4288
"4289","Nick Foles","2015","1",54,"W",18,27,297,1,0,2,2,115.8,4289
"4291","Eli Manning","2015","1",52.5,"L",20,36,193,0,0,1,0,70.7,4291
"4292","Russell Wilson","2015","1",52.1,"L",32,41,251,1,1,6,0,90.1,4292
"4300","Brian Hoyer","2015","1",20.4,"L",18,34,236,1,1,4,1,72.7,4300
"4309","Joe Flacco","2015","2",81.8,"L",32,45,384,2,1,0,0,102.5,4309
"4315","Matthew Stafford","2015","2",70.9,"L",32,53,286,2,1,1,0,79.6,4315
"4316","Ryan Fitzpatrick","2015","2",70.3,"W",22,34,244,2,1,1,0,93.3,4316
"4323","Tony Romo","2015","2",50,"W",18,27,195,0,0,3,1,87.7,4323
"4329","Drew Brees","2015","2",25.5,"L",24,38,255,1,1,4,0,80.5,4329
"4340","Ben Roethlisberger","2015","3",78.5,"W",20,24,192,0,1,3,0,82.6,4340
"4341","Joe Flacco","2015","3",74.5,"L",32,49,362,2,1,0,0,92.4,4341
"4353","Blake Bortles","2015","3",34,"L",17,33,242,2,1,2,0,83.1,4353
"4356","Russell Wilson","2015","3",32.2,"W",20,30,235,1,0,4,0,101.4,4356
"4357","Andrew Luck","2015","3",30.8,"W",18,30,260,2,2,3,0,82.6,4357
"4360","Ryan Tannehill","2015","3",16.5,"L",26,49,297,2,3,2,0,59.7,4360
"4362","Andy Dalton","2015","4",95.9,"W",17,24,321,1,0,0,0,127.1,4362
"4364","Kirk Cousins","2015","4",86.4,"W",31,46,290,1,0,1,0,91.8,4364
"4368","Matt Ryan","2015","4",79.8,"W",19,27,256,1,0,2,0,112.6,4368
"4369","Blake Bortles","2015","4",77.9,"L",28,50,298,1,0,1,0,80.3,4369
"4371","Brian Hoyer","2015","4",76.2,"L",17,30,232,2,0,1,0,103.8,4371
"4374","Josh McCown","2015","4",63.4,"L",32,41,356,2,0,4,1,119.1,4374
"4379","Peyton Manning","2015","4",52.5,"W",17,27,213,1,2,2,0,68.9,4379
"4382","Russell Wilson","2015","4",45.1,"W",20,26,287,1,0,6,2,125,4382
"4391","Ryan Mallett","2015","4",5.1,"L",12,27,150,0,1,0,0,46.8,4391
"4394","Tyrod Taylor","2015","5",86.6,"W",10,17,109,1,0,4,0,97.4,4394
"4395","Matt Hasselbeck","2015","5",86.4,"W",18,29,213,2,0,0,0,107.4,4395
"4406","Russell Wilson","2015","5",47.4,"L",15,23,213,1,1,4,0,91.4,4406
"4407","Matthew Stafford","2015","5",46.7,"L",20,32,188,1,3,1,0,50,4407
"4415","Alex Smith","2015","5",28.9,"L",16,30,181,1,0,3,0,82.8,4415
"4420","Ryan Fitzpatrick","2015","6",98.2,"W",19,26,253,2,1,0,0,113.1,4420
"4424","Philip Rivers","2015","6",84.9,"L",43,65,503,2,0,3,0,99.7,4424
"4427","Tom Brady","2015","6",78.5,"W",23,37,312,3,1,2,0,104.8,4427
"4435","Alex Smith","2015","6",63.5,"L",22,37,282,1,0,2,0,92.4,4435
"4438","Ryan Tannehill","2015","6",52.8,"W",22,29,266,2,2,2,0,97.8,4438
"4451","Ryan Fitzpatrick","2015","7",77.6,"L",22,39,295,2,0,2,1,97.7,4451
"4456","Kirk Cousins","2015","7",70.4,"W",33,40,317,3,0,1,1,124.7,4456
"4458","Teddy Bridgewater","2015","7",60.4,"W",25,35,316,2,0,4,1,118.3,4458
"4471","EJ Manuel","2015","7",15.5,"L",24,42,298,2,2,4,1,75.3,4471
"4473","Colin Kaepernick","2015","7",8.7,"L",13,24,124,0,0,6,0,68.8,4473
"4478","Philip Rivers","2015","8",91.4,"L",28,37,301,3,0,1,0,126.1,4478
"4479","Carson Palmer","2015","8",91.4,"W",23,38,374,4,1,1,0,117.6,4479
"4480","Jay Cutler","2015","8",90.7,"L",22,33,211,1,0,1,0,94.4,4480
"4481","Jameis Winston","2015","8",89.5,"W",16,29,177,1,0,2,0,85,4481
"4485","Joe Flacco","2015","8",71.7,"W",25,37,319,1,0,3,0,103.3,4485
"4495","Andy Dalton","2015","8",40.9,"W",23,38,231,1,2,3,0,64.7,4495
"4504","Andrew Luck","2015","9",95,"W",21,36,252,2,0,1,0,98.4,4504
"4505","Johnny Manziel","2015","9",84.6,"L",15,33,168,1,0,3,0,71.3,4505
"4512","Tom Brady","2015","9",70.3,"W",26,39,299,2,1,0,0,96,4512
"4513","Teddy Bridgewater","2015","9",69.8,"W",13,21,144,0,1,0,0,62.4,4513
"4519","Matt Cassel","2015","9",63.9,"L",25,38,299,3,1,4,0,105,4519
"4523","Ben Roethlisberger","2015","9",43.9,"W",24,44,334,2,1,1,0,84.8,4523
"4524","Kirk Cousins","2015","9",43.8,"L",22,40,217,1,1,1,0,68.4,4524
"4528","Ryan Tannehill","2015","9",27.4,"L",26,35,307,0,0,2,1,100.5,4528
"4531","Carson Palmer","2015","10",75.1,"W",29,47,363,3,1,3,2,98.1,4531
"4535","Brock Osweiler","2015","10",66.8,"L",14,24,146,1,1,3,0,72.6,4535
"4538","Aaron Rodgers","2015","10",59,"L",35,61,333,2,0,3,0,83.6,4538
"4540","Drew Brees","2015","10",57.5,"L",19,28,209,2,2,2,0,83.8,4540
"4557","Mark Sanchez","2015","10",17.3,"L",14,23,156,0,1,0,0,63,4557
"4559","Russell Wilson","2015","11",87.1,"W",24,29,260,3,0,2,0,138.5,4559
"4567","Tony Romo","2015","11",62.3,"W",18,28,227,2,2,2,0,83.5,4567
"4568","Carson Palmer","2015","11",61.9,"W",20,31,317,4,2,2,0,111.2,4568
"4571","T.J. Yates","2015","11",53.7,"W",16,34,229,2,0,1,1,89,4571
"4576","Matt Hasselbeck","2015","11",46.3,"W",23,32,213,2,2,2,0,84.5,4576
"4581","Joe Flacco","2015","11",31.8,"W",27,44,299,1,2,1,0,70.2,4581
"4586","Andy Dalton","2015","12",93,"W",20,27,233,3,1,0,0,121.4,4586
"4588","Alex Smith","2015","12",91.3,"W",19,30,255,2,0,1,0,112.5,4588
"4595","Brian Hoyer","2015","12",68.1,"W",21,27,205,2,1,1,0,107.6,4595
"4598","Josh McCown","2015","12",64.5,"L",21,38,212,1,0,1,0,80.2,4598
"4602","Jameis Winston","2015","12",61.3,"L",20,36,245,1,1,5,0,74.4,4602
"4607","Derek Carr","2015","12",51.5,"W",24,37,330,3,0,1,1,120.3,4607
"4610","Ryan Tannehill","2015","12",46.9,"L",33,58,351,3,1,3,1,84.8,4610
"4614","Aaron Rodgers","2015","12",20.1,"L",22,43,202,1,1,2,0,62.4,4614
"4617","Russell Wilson","2015","13",94.8,"W",21,27,274,3,0,1,0,146,4617
"4620","Carson Palmer","2015","13",91.1,"W",26,40,356,2,0,2,0,110,4620
"4628","Ryan Fitzpatrick","2015","13",72.4,"W",36,50,390,2,0,3,0,107.9,4628
"4630","Matt Cassel","2015","13",68.9,"W",16,29,223,0,0,1,0,80.1,4630
"4631","Brian Hoyer","2015","13",68.7,"L",26,43,293,3,1,2,0,94.4,4631
"4632","Alex Smith","2015","13",63.7,"W",16,22,162,2,0,4,0,123.7,4632
"4637","Derek Carr","2015","13",48.5,"L",31,48,283,2,3,4,0,68.3,4637
"4644","Nick Foles","2015","13",21.8,"L",15,35,146,0,1,0,0,43.3,4644
"4647","Russell Wilson","2015","14",96.8,"W",23,32,292,5,0,0,0,139.6,4647
"4652","Tom Brady","2015","14",86.1,"W",22,30,226,2,0,3,0,116.8,4652
"4655","Aaron Rodgers","2015","14",71.2,"W",22,35,218,2,0,2,0,99.5,4655
"4662","Brock Osweiler","2015","14",55.3,"L",35,51,308,0,0,5,0,84.4,4662
"4664","Philip Rivers","2015","14",52.8,"L",24,43,263,0,1,5,0,64.4,4664
"4668","AJ McCarron","2015","14",47.7,"L",22,32,280,2,2,3,0,90.6,4668
"4670","Derek Carr","2015","14",19.7,"W",12,29,135,2,0,3,0,79,4670
"4684","Matthew Stafford","2015","15",78.9,"W",22,25,254,3,0,3,0,148.6,4684
"4687","Brock Osweiler","2015","15",75.3,"L",21,44,296,3,1,2,0,83.1,4687
"4692","Tom Brady","2015","15",68,"W",23,35,267,2,0,2,0,107.7,4692
"4695","Matt Ryan","2015","15",50.2,"W",22,35,246,1,1,1,0,81.4,4695
"4701","Ryan Tannehill","2015","15",42.8,"L",20,34,216,0,0,3,0,77.6,4701
"4708","Brandon Weeden","2015","16",89.3,"W",15,24,200,2,0,1,1,116.7,4708
"4709","AJ McCarron","2015","16",89.2,"L",22,35,200,1,0,2,1,87.8,4709
"4712","Matt Ryan","2015","16",85.1,"W",23,30,306,1,0,2,1,119.6,4712
"4724","Teddy Bridgewater","2015","16",50.8,"W",15,25,168,1,0,3,0,93.4,4724
"4732","Aaron Rodgers","2015","16",27.5,"L",15,28,151,1,1,8,2,66.2,4732
"4734","Kellen Moore","2015","16",17.4,"L",13,31,186,0,1,0,0,48.6,4734
"4745","Alex Smith","2015","17",61.7,"W",14,24,156,2,2,1,0,70.8,4745
"4749","Case Keenum","2015","17",52.4,"L",22,37,231,0,0,0,0,77.6,4749
"4750","Ryan Mallett","2015","17",49.1,"L",30,56,292,1,2,1,0,59.5,4750
"4751","Carson Palmer","2015","17",45.7,"L",12,25,129,1,1,0,0,60.3,4751
"4752","Jameis Winston","2015","17",43.3,"L",29,47,325,0,2,2,0,64.6,4752
"4753","Philip Rivers","2015","17",41.5,"L",21,35,228,2,1,3,0,86.4,4753
"4757","Austin Davis","2015","17",31.2,"L",24,46,240,0,2,7,1,49.2,4757
"4758","AJ McCarron","2015","17",30.2,"W",17,27,160,2,0,3,0,103.9,4758
"4761","Derek Carr","2015","17",22.8,"L",21,33,194,1,1,6,0,77.1,4761
"4766","Blaine Gabbert","2016","1",89.6,"W",22,35,170,1,0,0,0,84.2,4766
"4767","Matthew Stafford","2016","1",88.4,"W",31,39,340,3,0,1,0,128.6,4767
"4772","Andrew Luck","2016","1",78.5,"L",31,47,385,4,0,2,0,119.5,4772
"4775","Derek Carr","2016","1",73.5,"W",24,38,319,1,0,0,0,98.5,4775
"4777","Brock Osweiler","2016","1",67.2,"W",22,35,231,2,1,2,0,89.1,4777
"4780","Dak Prescott","2016","1",63.5,"L",25,45,227,0,0,0,0,69.4,4780
"4781","Blake Bortles","2016","1",61.8,"L",24,39,320,1,1,3,0,85.4,4781
"4782","Jay Cutler","2016","1",60.9,"L",16,29,216,1,1,5,0,76.2,4782
"4788","Kirk Cousins","2016","1",49.3,"L",30,43,329,0,2,0,0,72.7,4788
"4789","Trevor Siemian","2016","1",49,"W",18,26,178,1,2,2,0,69.1,4789
"4792","Russell Wilson","2016","1",39.6,"W",27,43,258,1,1,3,1,77.5,4792
"4796","Matt Ryan","2016","2",97.6,"W",26,34,396,3,1,1,0,131.5,4796
"4801","Ryan Tannehill","2016","2",81.3,"L",32,45,387,2,2,0,0,93.5,4801
"4808","Ben Roethlisberger","2016","2",67.3,"W",19,37,259,3,2,1,0,78.5,4808
"4809","Aaron Rodgers","2016","2",62.8,"L",20,36,213,1,1,5,1,70.7,4809
"4816","Andy Dalton","2016","2",55.9,"L",31,54,366,1,0,1,0,84.3,4816
"4817","Drew Brees","2016","2",53.7,"L",29,44,263,1,0,2,0,89.5,4817
"4821","Case Keenum","2016","2",45.4,"W",18,30,239,0,0,3,0,85.3,4821
"4832","Matthew Stafford","2016","3",74.1,"L",28,41,385,3,1,3,0,112.3,4832
"4833","Andy Dalton","2016","3",68.9,"L",21,31,206,0,1,4,0,72.8,4833
"4834","Jameis Winston","2016","3",68.1,"L",36,58,405,3,1,2,1,93,4834
"4839","Cody Kessler","2016","3",55.4,"L",21,33,244,0,0,3,1,85.9,4839
"4845","Joe Flacco","2016","3",42,"W",29,40,214,0,2,2,0,64,4845
"4849","Eli Manning","2016","3",36.3,"L",25,38,350,1,2,2,0,82.1,4849
"4853","Ryan Fitzpatrick","2016","3",7.2,"L",20,44,188,0,6,0,0,18.2,4853
"4855","Ben Roethlisberger","2016","4",98.5,"W",22,27,300,5,0,2,0,152.5,4855
"4858","Dak Prescott","2016","4",84.8,"W",23,32,245,2,0,2,0,114.7,4858
"4862","Paxton Lynch","2016","4",78.8,"W",14,24,170,1,0,1,0,94.1,4862
"4863","Derek Carr","2016","4",77.3,"W",25,35,199,4,0,0,0,123.4,4863
"4864","Derek Anderson","2016","4",76.9,"L",17,23,172,2,2,0,0,87.6,4864
"4865","Drew Brees","2016","4",76.8,"W",23,36,207,2,2,2,0,74.7,4865
"4872","Blaine Gabbert","2016","4",55.5,"L",16,23,196,1,1,1,0,91.9,4872
"4875","Jameis Winston","2016","4",47.9,"L",17,35,179,0,2,5,0,40.1,4875
"4880","Matthew Stafford","2016","4",33.8,"L",23,36,213,0,2,2,0,56.8,4880
"4891","Tyrod Taylor","2016","5",78.6,"W",12,23,124,2,0,2,0,97,4891
"4901","Carson Wentz","2016","5",47.4,"L",25,33,238,2,1,3,0,102.8,4901
"4913","Andy Dalton","2016","6",92.4,"L",21,31,254,1,0,2,0,103.4,4913
"4914","Drew Brees","2016","6",90.4,"W",34,49,465,4,1,1,0,118.2,4914
"4915","Marcus Mariota","2016","6",90.4,"W",17,24,284,3,1,2,0,132.6,4915
"4917","Eli Manning","2016","6",85.6,"W",32,46,403,3,2,1,0,100.2,4917
"4920","Tom Brady","2016","6",80.8,"W",29,35,376,3,0,3,0,140,4920
"4924","Cam Newton","2016","6",73.6,"L",27,47,322,2,1,2,0,83.8,4924
"4925","Andrew Luck","2016","6",73.3,"L",21,32,252,1,1,3,0,87,4925
"4928","Russell Wilson","2016","6",70.3,"W",25,37,270,0,0,1,0,88.8,4928
"4930","Dak Prescott","2016","6",69.7,"W",18,27,247,3,1,2,1,117.4,4930
"4931","Matt Ryan","2016","6",69.2,"L",27,42,335,3,1,4,1,102.8,4931
"4933","Kirk Cousins","2016","6",53.4,"W",18,34,263,2,1,0,0,85.8,4933
"4944","Andrew Luck","2016","7",90.3,"W",27,39,353,3,0,2,0,123.1,4944
"4946","Andy Dalton","2016","7",85.4,"W",19,28,308,2,0,3,0,128.3,4946
"4952","Trevor Siemian","2016","7",71.1,"W",14,25,157,1,0,0,0,88.3,4952
"4959","Matt Ryan","2016","7",53.6,"L",22,34,273,1,1,3,0,87,4959
"4962","Eli Manning","2016","7",50.3,"W",24,37,196,0,0,0,0,78.2,4962
"4966","Blake Bortles","2016","7",30.2,"L",23,43,246,1,2,1,0,58.9,4966
"4978","Derek Carr","2016","8",75.3,"W",40,59,513,4,0,2,1,117.4,4978
"4979","Cam Newton","2016","8",72.9,"W",14,27,212,0,0,1,0,78,4979
"4985","Carson Wentz","2016","8",53.9,"L",32,43,202,1,0,3,0,91.4,4985
"4996","Andrew Luck","2016","8",21.6,"L",19,35,210,2,1,6,1,79.5,4996
"5000","Philip Rivers","2016","9",86.3,"W",24,33,275,2,0,1,0,117.6,5000
"5004","Marcus Mariota","2016","9",74.2,"L",27,43,313,3,2,0,1,88.6,5004
"5006","Tyrod Taylor","2016","9",71,"L",27,38,289,1,1,5,0,90.8,5006
"5012","Sam Bradford","2016","9",61.4,"L",31,40,273,1,0,2,0,103.4,5012
"5013","Trevor Siemian","2016","9",53.7,"L",18,37,283,2,1,2,1,81.2,5013
"5016","Joe Flacco","2016","9",47.7,"W",18,30,241,1,1,3,0,82.8,5016
"5019","Ryan Fitzpatrick","2016","9",37.4,"L",16,27,194,1,2,3,0,62.9,5019
"5020","Carson Wentz","2016","9",30.3,"L",27,47,364,0,2,2,0,64.5,5020
"5029","Drew Brees","2016","10",79.2,"L",21,29,303,3,2,1,0,111.7,5029
"5038","Case Keenum","2016","10",64.2,"W",17,30,165,0,0,3,0,72.2,5038
"5047","Alex Smith","2016","10",43.9,"W",25,38,178,0,1,3,0,65.5,5047
"5048","Philip Rivers","2016","10",42.9,"L",23,44,326,3,4,3,0,61.4,5048
"5055","Jameis Winston","2016","11",85.6,"W",24,39,331,1,0,1,1,97.3,5055
"5062","Eli Manning","2016","11",74.8,"W",21,36,227,2,0,0,0,95.5,5062
"5070","Ryan Tannehill","2016","11",51.5,"W",24,34,172,2,1,4,0,89.3,5070
"5078","Josh McCown","2016","11",27.9,"L",14,27,118,1,0,4,1,75.8,5078
"5080","Cody Kessler","2016","11",13.8,"L",7,14,128,0,1,4,0,52.1,5080
"5084","Aaron Rodgers","2016","12",94.4,"W",30,39,313,2,0,0,0,116.7,5084
"5087","Drew Brees","2016","12",89.3,"W",28,36,310,4,0,2,1,139.6,5087
"5094","Tom Brady","2016","12",79.1,"W",30,50,286,2,0,0,0,89.2,5094
"5099","Joe Flacco","2016","12",56.2,"W",25,36,234,1,1,2,0,84.7,5099
"5100","Carson Palmer","2016","12",56,"L",25,45,289,2,1,2,0,80.7,5100
"5105","Matt Barkley","2016","12",39.4,"L",28,54,316,3,2,0,0,72.8,5105
"5110","Jared Goff","2016","12",26.1,"L",20,32,214,3,1,3,1,100.3,5110
"5111","Andrew Luck","2016","13",98.8,"W",22,28,278,4,0,1,0,147.6,5111
"5125","Brock Osweiler","2016","13",66.4,"L",22,35,202,2,0,2,0,97.6,5125
"5137","Paxton Lynch","2016","13",21.4,"W",12,24,104,0,0,2,0,61.8,5137
"5141","Tom Brady","2016","14",83.3,"W",25,38,406,3,1,1,0,116.8,5141
"5147","Brock Osweiler","2016","14",64.9,"W",14,24,147,0,1,2,0,58.9,5147
"5151","Ryan Tannehill","2016","14",55.3,"W",15,20,195,3,1,1,1,124,5151
"5155","Blake Bortles","2016","14",47.7,"L",23,37,257,1,0,4,0,91.8,5155
"5159","Drew Brees","2016","14",32,"L",25,41,257,0,3,1,0,48.5,5159
"5166","Ben Roethlisberger","2016","14",17.6,"W",17,31,220,0,3,0,0,37.8,5166
"5167","Eli Manning","2016","14",13.3,"W",17,28,193,1,1,3,2,78.4,5167
"5170","Matt Ryan","2016","15",96.9,"W",17,23,286,2,0,1,0,144.5,5170
"5175","Drew Brees","2016","15",81.8,"W",37,48,389,4,0,3,1,127.9,5175
"5177","Russell Wilson","2016","15",80.6,"W",19,26,229,3,1,2,0,122.1,5177
"5191","Joe Flacco","2016","15",52.8,"W",16,30,206,2,1,3,1,83.5,5191
"5196","Alex Smith","2016","15",39,"L",15,28,163,0,1,1,0,56.1,5196
"5198","Trevor Siemian","2016","15",19.9,"L",25,40,282,0,1,4,0,73.1,5198
"5199","Bryce Petty","2016","15",15,"L",20,36,235,1,2,3,1,61.7,5199
"5205","Alex Smith","2016","16",85.2,"W",25,36,244,1,1,0,0,85.9,5205
"5211","Derek Carr","2016","16",77.6,"W",21,31,232,3,0,1,0,122,5211
"5214","Colin Kaepernick","2016","16",68.6,"W",28,37,266,2,1,4,0,101.9,5214
"5215","Russell Wilson","2016","16",66.7,"L",29,45,350,4,0,6,1,117.8,5215
"5216","Andrew Luck","2016","16",62,"L",19,29,288,2,2,0,0,92.3,5216
"5217","Robert Griffin III","2016","16",60.7,"W",17,25,164,0,0,7,0,86.1,5217
"5220","Eli Manning","2016","16",57.1,"L",38,63,356,1,3,0,0,61.3,5220
"5221","Philip Rivers","2016","16",54.7,"L",23,46,322,2,1,0,0,78.4,5221
"5223","Blake Bortles","2016","16",52.4,"W",26,38,325,1,0,2,0,103.5,5223
"5224","Tom Savage","2016","16",51.6,"W",18,29,176,0,0,4,0,79.1,5224
"5233","Alex Smith","2016","17",83.7,"W",21,28,264,2,1,1,0,112.8,5233
"5234","Matt Moore","2016","17",81.1,"L",24,34,205,2,1,0,0,93.4,5234
"5249","Russell Wilson","2016","17",49.3,"W",19,32,258,1,0,1,0,95.6,5249
"5251","Eli Manning","2016","17",39.6,"W",17,27,180,0,0,1,0,82.3,5251
